Workbook

Sheet Main Page
B2: Top 5 Drivers + Top 5 Constructors Snapshot Tables
B3: Rank | C3: Driver | D3: Points | E3: Rank | F3: Team | G3: Points
B4: 1 | C4: ='Drivers'' Standings'!AE2 -> ANT | D4: ='Drivers'' Standings'!AF2 -> 219 | E4: 1 | F4: ='Constructors Standings'!AC2 -> Mercedes | G4: ='Constructors Standings'!AD2 -> 379
B5: 2 | C5: ='Drivers'' Standings'!AE3 -> HAM | D5: ='Drivers'' Standings'!AF3 -> 169 | E5: 2 | F5: ='Constructors Standings'!AC3 -> Ferrari | G5: ='Constructors Standings'!AD3 -> 307
B6: 3 | C6: ='Drivers'' Standings'!AE4 -> RUS | D6: ='Drivers'' Standings'!AF4 -> 160 | E6: 3 | F6: ='Constructors Standings'!AC4 -> McLaren | G6: ='Constructors Standings'!AD4 -> 220
B7: 4 | C7: ='Drivers'' Standings'!AE5 -> LEC | D7: ='Drivers'' Standings'!AF5 -> 138 | E7: 4 | F7: ='Constructors Standings'!AC5 -> Red Bull Racing | G7: ='Constructors Standings'!AD5 -> 177
B8: 5 | C8: ='Drivers'' Standings'!AE6 -> NOR | D8: ='Drivers'' Standings'!AF6 -> 128 | E8: 5 | F8: ='Constructors Standings'!AC6 -> Racing Bulls | G8: ='Constructors Standings'!AD6 -> 66

Sheet Drivers' Standings
C1: AUSTRALIA | D1: CHINA | E1: JAPAN | F1: BAHRAIN | G1: SAUDI ARABIA | H1: MIAMI | I1: CANADA | J1: MONACO | K1: BARCELONA | L1: AUSTRIA | M1: GREAT BRITAIN | N1: BELGIUM | O1: HUNGARY | P1: NETHERLANDS | Q1: ITALY | R1: SPAIN (MADRID) | S1: AZERBAIJAN | T1: SINGAPORE | U1: UNITED STATES | V1: MEXICO | W1: BRAZIL | X1: LAS VEGAS | Y1: QATAR | Z1: ABU DHABI | AA1: POS | AB1: POINTS | AD1: RANK | AE1: DRIVER | AF1: POINTS | AH1: F1 Champion
A2: Kimi Antonelli | B2: ANT | C2: =IFERROR(VLOOKUP(MATCH($B2,INDEX('Race Resuts'!$A$2:$W$23,0,MATCH(C$1,'Race Resuts'!$A$1:$W$1,0)),0),'Points Refrence'!$A$2:$B$11,2,FALSE),0) -> 18 | D2: =IFERROR(_xlfn.XLOOKUP(MATCH($B2,INDEX('Race Resuts'!$B$2:$W$23,0,MATCH(D$1,'Race Resuts'!$B$1:$W$1,0)),0),'Points Refrence'!$A$2:$A$11,'Points Refrence'!$B$2:$B$11,0),0)+IFERROR(_xlfn.XLOOKUP(MATCH($B2,INDEX('Sprint Race Results'!$B$2:$G$23,0,MATCH(D$1,'Sprint Race Results'!$B$1:$G$1,0)),0),'Points Refrence'!$D$2:$D$9,'Points Refrence'!$E$2:$E$9,0),0) -> 29 | E2: =IFERROR(VLOOKUP(MATCH($B2,INDEX('Race Resuts'!$A$2:$W$23,0,MATCH(E$1,'Race Resuts'!$A$1:$W$1,0)),0),'Points Refrence'!$A$2:$B$11,2,FALSE),0) -> 25 | F2: =IFERROR(VLOOKUP(MATCH($B2,INDEX('Race Resuts'!$A$2:$W$23,0,MATCH(F$1,'Race Resuts'!$A$1:$W$1,0)),0),'Points Refrence'!$A$2:$B$11,2,FALSE),0) -> 0 | G2: =IFERROR(VLOOKUP(MATCH($B2,INDEX('Race Resuts'!$A$2:$W$23,0,MATCH(G$1,'Race Resuts'!$A$1:$W$1,0)),0),'Points Refrence'!$A$2:$B$11,2,FALSE),0) -> 0 | H2: =IFERROR(VLOOKUP(MATCH($B2,INDEX('Race Resuts'!$B$2:$W$23,0,MATCH(H$1,'Race Resuts'!$B$1:$W$1,0)),0),'Points Refrence'!$A$2:$B$11,2,FALSE),0)+IFERROR(VLOOKUP(MATCH($B2,INDEX('Sprint Race Results'!$B$2:$G$23,0,MATCH(H$1,'Sprint Race Results'!$B$1:$G$1,0)),0),'Points Refrence'!$D$2:$E$9,2,FALSE),0) -> 28 | I2: =IFERROR(VLOOKUP(MATCH($B2,INDEX('Race Resuts'!$B$2:$W$23,0,MATCH(I$1,'Race Resuts'!$B$1:$W$1,0)),0),'Points Refrence'!$A$2:$B$11,2,FALSE),0)+IFERROR(VLOOKUP(MATCH($B2,INDEX('Sprint Race Results'!$B$2:$G$23,0,MATCH(I$1,'Sprint Race Results'!$B$1:$G$1,0)),0),'Points Refrence'!$D$2:$E$9,2,FALSE),0) -> 31 | J2: =IFERROR(VLOOKUP(MATCH($B2,INDEX('Race Resuts'!$A$2:$W$23,0,MATCH(J$1,'Race Resuts'!$A$1:$W$1,0)),0),'Points Refrence'!$A$2:$B$11,2,FALSE),0) -> 25 | K2: =IFERROR(VLOOKUP(MATCH($B2,INDEX('Race Resuts'!$A$2:$W$23,0,MATCH(K$1,'Race Resuts'!$A$1:$W$1,0)),0),'Points Refrence'!$A$2:$B$11,2,FALSE),0) -> 0 | L2: =IFERROR(VLOOKUP(MATCH($B2,INDEX('Race Resuts'!$A$2:$W$23,0,MATCH(L$1,'Race Resuts'!$A$1:$W$1,0)),0),'Points Refrence'!$A$2:$B$11,2,FALSE),0) -> 15 | M2: =IFERROR(VLOOKUP(MATCH($B2,INDEX('Race Resuts'!$B$2:$W$23,0,MATCH(M$1,'Race Resuts'!$B$1:$W$1,0)),0),'Points Refrence'!$A$2:$B$11,2,FALSE),0)+IFERROR(VLOOKUP(MATCH($B2,INDEX('Sprint Race Results'!$B$2:$G$23,0,MATCH(M$1,'Sprint Race Results'!$B$1:$G$1,0)),0),'Points Refrence'!$D$2:$E$9,2,FALSE),0) -> 8 | N2: =IFERROR(VLOOKUP(MATCH($B2,INDEX('Race Resuts'!$A$2:$W$23,0,MATCH(N$1,'Race Resuts'!$A$1:$W$1,0)),0),'Points Refrence'!$A$2:$B$11,2,FALSE),0) -> 25 | O2: =IFERROR(VLOOKUP(MATCH($B2,INDEX('Race Resuts'!$A$2:$W$23,0,MATCH(O$1,'Race Resuts'!$A$1:$W$1,0)),0),'Points Refrence'!$A$2:$B$11,2,FALSE),0) -> 15 | P2: =IFERROR(VLOOKUP(MATCH($B2,INDEX('Race Resuts'!$B$2:$W$23,0,MATCH(P$1,'Race Resuts'!$B$1:$W$1,0)),0),'Points Refrence'!$A$2:$B$11,2,FALSE),0)+IFERROR(VLOOKUP(MATCH($B2,INDEX('Sprint Race Results'!$B$2:$G$23,0,MATCH(P$1,'Sprint Race Results'!$B$1:$G$1,0)),0),'Points Refrence'!$D$2:$E$9,2,FALSE),0) -> 0 | Q2: =IFERROR(VLOOKUP(MATCH($B2,INDEX('Race Resuts'!$A$2:$W$23,0,MATCH(Q$1,'Race Resuts'!$A$1:$W$1,0)),0),'Points Refrence'!$A$2:$B$11,2,FALSE),0) -> 0 | R2: =IFERROR(VLOOKUP(MATCH($B2,INDEX('Race Resuts'!$A$2:$W$23,0,MATCH(R$1,'Race Resuts'!$A$1:$W$1,0)),0),'Points Refrence'!$A$2:$B$11,2,FALSE),0) -> 0 | S2: =IFERROR(VLOOKUP(MATCH($B2,INDEX('Race Resuts'!$A$2:$W$23,0,MATCH(S$1,'Race Resuts'!$A$1:$W$1,0)),0),'Points Refrence'!$A$2:$B$11,2,FALSE),0) -> 0 | T2: =IFERROR(VLOOKUP(MATCH($B2,INDEX('Race Resuts'!$B$2:$W$23,0,MATCH(T$1,'Race Resuts'!$B$1:$W$1,0)),0),'Points Refrence'!$A$2:$B$11,2,FALSE),0)+IFERROR(VLOOKUP(MATCH($B2,INDEX('Sprint Race Results'!$B$2:$G$23,0,MATCH(T$1,'Sprint Race Results'!$B$1:$G$1,0)),0),'Points Refrence'!$D$2:$E$9,2,FALSE),0) -> 0 | U2: =IFERROR(VLOOKUP(MATCH($B2,INDEX('Race Resuts'!$A$2:$W$23,0,MATCH(U$1,'Race Resuts'!$A$1:$W$1,0)),0),'Points Refrence'!$A$2:$B$11,2,FALSE),0) -> 0 | V2: =IFERROR(VLOOKUP(MATCH($B2,INDEX('Race Resuts'!$A$2:$W$23,0,MATCH(V$1,'Race Resuts'!$A$1:$W$1,0)),0),'Points Refrence'!$A$2:$B$11,2,FALSE),0) -> 0 | W2: =IFERROR(VLOOKUP(MATCH($B2,INDEX('Race Resuts'!$A$2:$W$23,0,MATCH(W$1,'Race Resuts'!$A$1:$W$1,0)),0),'Points Refrence'!$A$2:$B$11,2,FALSE),0) -> 0 | X2: =IFERROR(VLOOKUP(MATCH($B2,INDEX('Race Resuts'!$A$2:$W$23,0,MATCH(X$1,'Race Resuts'!$A$1:$W$1,0)),0),'Points Refrence'!$A$2:$B$11,2,FALSE),0) -> 0 | Y2: =IFERROR(VLOOKUP(MATCH($B2,INDEX('Race Resuts'!$A$2:$W$23,0,MATCH(Y$1,'Race Resuts'!$A$1:$W$1,0)),0),'Points Refrence'!$A$2:$B$11,2,FALSE),0) -> 0 | Z2: =IFERROR(VLOOKUP(MATCH($B2,INDEX('Race Resuts'!$A$2:$W$23,0,MATCH(Z$1,'Race Resuts'!$A$1:$W$1,0)),0),'Points Refrence'!$A$2:$B$11,2,FALSE),0) -> 0 | AA2: =RANK(AB2,$AB$2:$AB$23,0)+COUNTIF($AB$2:AB2,AB2)-1 -> 1 | AB2: =SUM(C2:Z2) -> 219 | AD2: =ROW()-1 -> 1 | AE2: =INDEX($B$2:$B$23,MATCH(AD2,$AA$2:$AA$23,0)) -> ANT | AF2: =INDEX($AB$2:$AB$23,MATCH(AD2,$AA$2:$AA$23,0)) -> 219 | AH2: =AE$2 -> ANT
A3: George Russell | B3: RUS | C3: =IFERROR(VLOOKUP(MATCH($B3,INDEX('Race Resuts'!$A$2:$W$23,0,MATCH(C$1,'Race Resuts'!$A$1:$W$1,0)),0),'Points Refrence'!$A$2:$B$11,2,FALSE),0) -> 25 | D3: =IFERROR(_xlfn.XLOOKUP(MATCH($B3,INDEX('Race Resuts'!$B$2:$W$23,0,MATCH(D$1,'Race Resuts'!$B$1:$W$1,0)),0),'Points Refrence'!$A$2:$A$11,'Points Refrence'!$B$2:$B$11,0),0)+IFERROR(_xlfn.XLOOKUP(MATCH($B3,INDEX('Sprint Race Results'!$B$2:$G$23,0,MATCH(D$1,'Sprint Race Results'!$B$1:$G$1,0)),0),'Points Refrence'!$D$2:$D$9,'Points Refrence'!$E$2:$E$9,0),0) -> 26 | E3: =IFERROR(VLOOKUP(MATCH($B3,INDEX('Race Resuts'!$A$2:$W$23,0,MATCH(E$1,'Race Resuts'!$A$1:$W$1,0)),0),'Points Refrence'!$A$2:$B$11,2,FALSE),0) -> 12 | F3: =IFERROR(VLOOKUP(MATCH($B3,INDEX('Race Resuts'!$A$2:$W$23,0,MATCH(F$1,'Race Resuts'!$A$1:$W$1,0)),0),'Points Refrence'!$A$2:$B$11,2,FALSE),0) -> 0 | G3: =IFERROR(VLOOKUP(MATCH($B3,INDEX('Race Resuts'!$A$2:$W$23,0,MATCH(G$1,'Race Resuts'!$A$1:$W$1,0)),0),'Points Refrence'!$A$2:$B$11,2,FALSE),0) -> 0 | H3: =IFERROR(VLOOKUP(MATCH($B3,INDEX('Race Resuts'!$B$2:$W$23,0,MATCH(H$1,'Race Resuts'!$B$1:$W$1,0)),0),'Points Refrence'!$A$2:$B$11,2,FALSE),0)+IFERROR(VLOOKUP(MATCH($B3,INDEX('Sprint Race Results'!$B$2:$G$23,0,MATCH(H$1,'Sprint Race Results'!$B$1:$G$1,0)),0),'Points Refrence'!$D$2:$E$9,2,FALSE),0) -> 17 | I3: =IFERROR(VLOOKUP(MATCH($B3,INDEX('Race Resuts'!$B$2:$W$23,0,MATCH(I$1,'Race Resuts'!$B$1:$W$1,0)),0),'Points Refrence'!$A$2:$B$11,2,FALSE),0)+IFERROR(VLOOKUP(MATCH($B3,INDEX('Sprint Race Results'!$B$2:$G$23,0,MATCH(I$1,'Sprint Race Results'!$B$1:$G$1,0)),0),'Points Refrence'!$D$2:$E$9,2,FALSE),0) -> 8 | J3: =IFERROR(VLOOKUP(MATCH($B3,INDEX('Race Resuts'!$A$2:$W$23,0,MATCH(J$1,'Race Resuts'!$A$1:$W$1,0)),0),'Points Refrence'!$A$2:$B$11,2,FALSE),0) -> 0 | K3: =IFERROR(VLOOKUP(MATCH($B3,INDEX('Race Resuts'!$A$2:$W$23,0,MATCH(K$1,'Race Resuts'!$A$1:$W$1,0)),0),'Points Refrence'!$A$2:$B$11,2,FALSE),0) -> 18 | L3: =IFERROR(VLOOKUP(MATCH($B3,INDEX('Race Resuts'!$A$2:$W$23,0,MATCH(L$1,'Race Resuts'!$A$1:$W$1,0)),0),'Points Refrence'!$A$2:$B$11,2,FALSE),0) -> 25 | M3: =IFERROR(VLOOKUP(MATCH($B3,INDEX('Race Resuts'!$B$2:$W$23,0,MATCH(M$1,'Race Resuts'!$B$1:$W$1,0)),0),'Points Refrence'!$A$2:$B$11,2,FALSE),0)+IFERROR(VLOOKUP(MATCH($B3,INDEX('Sprint Race Results'!$B$2:$G$23,0,MATCH(M$1,'Sprint Race Results'!$B$1:$G$1,0)),0),'Points Refrence'!$D$2:$E$9,2,FALSE),0) -> 23 | N3: =IFERROR(VLOOKUP(MATCH($B3,INDEX('Race Resuts'!$A$2:$W$23,0,MATCH(N$1,'Race Resuts'!$A$1:$W$1,0)),0),'Points Refrence'!$A$2:$B$11,2,FALSE),0) -> 0 | O3: =IFERROR(VLOOKUP(MATCH($B3,INDEX('Race Resuts'!$A$2:$W$23,0,MATCH(O$1,'Race Resuts'!$A$1:$W$1,0)),0),'Points Refrence'!$A$2:$B$11,2,FALSE),0) -> 6 | P3: =IFERROR(VLOOKUP(MATCH($B3,INDEX('Race Resuts'!$B$2:$W$23,0,MATCH(P$1,'Race Resuts'!$B$1:$W$1,0)),0),'Points Refrence'!$A$2:$B$11,2,FALSE),0)+IFERROR(VLOOKUP(MATCH($B3,INDEX('Sprint Race Results'!$B$2:$G$23,0,MATCH(P$1,'Sprint Race Results'!$B$1:$G$1,0)),0),'Points Refrence'!$D$2:$E$9,2,FALSE),0) -> 0 | Q3: =IFERROR(VLOOKUP(MATCH($B3,INDEX('Race Resuts'!$A$2:$W$23,0,MATCH(Q$1,'Race Resuts'!$A$1:$W$1,0)),0),'Points Refrence'!$A$2:$B$11,2,FALSE),0) -> 0 | R3: =IFERROR(VLOOKUP(MATCH($B3,INDEX('Race Resuts'!$A$2:$W$23,0,MATCH(R$1,'Race Resuts'!$A$1:$W$1,0)),0),'Points Refrence'!$A$2:$B$11,2,FALSE),0) -> 0 | S3: =IFERROR(VLOOKUP(MATCH($B3,INDEX('Race Resuts'!$A$2:$W$23,0,MATCH(S$1,'Race Resuts'!$A$1:$W$1,0)),0),'Points Refrence'!$A$2:$B$11,2,FALSE),0) -> 0 | T3: =IFERROR(VLOOKUP(MATCH($B3,INDEX('Race Resuts'!$B$2:$W$23,0,MATCH(T$1,'Race Resuts'!$B$1:$W$1,0)),0),'Points Refrence'!$A$2:$B$11,2,FALSE),0)+IFERROR(VLOOKUP(MATCH($B3,INDEX('Sprint Race Results'!$B$2:$G$23,0,MATCH(T$1,'Sprint Race Results'!$B$1:$G$1,0)),0),'Points Refrence'!$D$2:$E$9,2,FALSE),0) -> 0 | U3: =IFERROR(VLOOKUP(MATCH($B3,INDEX('Race Resuts'!$A$2:$W$23,0,MATCH(U$1,'Race Resuts'!$A$1:$W$1,0)),0),'Points Refrence'!$A$2:$B$11,2,FALSE),0) -> 0 | V3: =IFERROR(VLOOKUP(MATCH($B3,INDEX('Race Resuts'!$A$2:$W$23,0,MATCH(V$1,'Race Resuts'!$A$1:$W$1,0)),0),'Points Refrence'!$A$2:$B$11,2,FALSE),0) -> 0 | W3: =IFERROR(VLOOKUP(MATCH($B3,INDEX('Race Resuts'!$A$2:$W$23,0,MATCH(W$1,'Race Resuts'!$A$1:$W$1,0)),0),'Points Refrence'!$A$2:$B$11,2,FALSE),0) -> 0 | X3: =IFERROR(VLOOKUP(MATCH($B3,INDEX('Race Resuts'!$A$2:$W$23,0,MATCH(X$1,'Race Resuts'!$A$1:$W$1,0)),0),'Points Refrence'!$A$2:$B$11,2,FALSE),0) -> 0 | Y3: =IFERROR(VLOOKUP(MATCH($B3,INDEX('Race Resuts'!$A$2:$W$23,0,MATCH(Y$1,'Race Resuts'!$A$1:$W$1,0)),0),'Points Refrence'!$A$2:$B$11,2,FALSE),0) -> 0 | Z3: =IFERROR(VLOOKUP(MATCH($B3,INDEX('Race Resuts'!$A$2:$W$23,0,MATCH(Z$1,'Race Resuts'!$A$1:$W$1,0)),0),'Points Refrence'!$A$2:$B$11,2,FALSE),0) -> 0 | AA3: =RANK(AB3,$AB$2:$AB$23,0)+COUNTIF($AB$2:AB3,AB3)-1 -> 3 | AB3: =SUM(C3:Z3) -> 160 | AD3: =ROW()-1 -> 2 | AE3: =INDEX($B$2:$B$23,MATCH(AD3,$AA$2:$AA$23,0)) -> HAM | AF3: =INDEX($AB$2:$AB$23,MATCH(AD3,$AA$2:$AA$23,0)) -> 169
A4: Lewis Hamilton | B4: HAM | C4: =IFERROR(VLOOKUP(MATCH($B4,INDEX('Race Resuts'!$A$2:$W$23,0,MATCH(C$1,'Race Resuts'!$A$1:$W$1,0)),0),'Points Refrence'!$A$2:$B$11,2,FALSE),0) -> 12 | D4: =IFERROR(_xlfn.XLOOKUP(MATCH($B4,INDEX('Race Resuts'!$B$2:$W$23,0,MATCH(D$1,'Race Resuts'!$B$1:$W$1,0)),0),'Points Refrence'!$A$2:$A$11,'Points Refrence'!$B$2:$B$11,0),0)+IFERROR(_xlfn.XLOOKUP(MATCH($B4,INDEX('Sprint Race Results'!$B$2:$G$23,0,MATCH(D$1,'Sprint Race Results'!$B$1:$G$1,0)),0),'Points Refrence'!$D$2:$D$9,'Points Refrence'!$E$2:$E$9,0),0) -> 21 | E4: =IFERROR(VLOOKUP(MATCH($B4,INDEX('Race Resuts'!$A$2:$W$23,0,MATCH(E$1,'Race Resuts'!$A$1:$W$1,0)),0),'Points Refrence'!$A$2:$B$11,2,FALSE),0) -> 8 | F4: =IFERROR(VLOOKUP(MATCH($B4,INDEX('Race Resuts'!$A$2:$W$23,0,MATCH(F$1,'Race Resuts'!$A$1:$W$1,0)),0),'Points Refrence'!$A$2:$B$11,2,FALSE),0) -> 0 | G4: =IFERROR(VLOOKUP(MATCH($B4,INDEX('Race Resuts'!$A$2:$W$23,0,MATCH(G$1,'Race Resuts'!$A$1:$W$1,0)),0),'Points Refrence'!$A$2:$B$11,2,FALSE),0) -> 0 | H4: =IFERROR(VLOOKUP(MATCH($B4,INDEX('Race Resuts'!$B$2:$W$23,0,MATCH(H$1,'Race Resuts'!$B$1:$W$1,0)),0),'Points Refrence'!$A$2:$B$11,2,FALSE),0)+IFERROR(VLOOKUP(MATCH($B4,INDEX('Sprint Race Results'!$B$2:$G$23,0,MATCH(H$1,'Sprint Race Results'!$B$1:$G$1,0)),0),'Points Refrence'!$D$2:$E$9,2,FALSE),0) -> 10 | I4: =IFERROR(VLOOKUP(MATCH($B4,INDEX('Race Resuts'!$B$2:$W$23,0,MATCH(I$1,'Race Resuts'!$B$1:$W$1,0)),0),'Points Refrence'!$A$2:$B$11,2,FALSE),0)+IFERROR(VLOOKUP(MATCH($B4,INDEX('Sprint Race Results'!$B$2:$G$23,0,MATCH(I$1,'Sprint Race Results'!$B$1:$G$1,0)),0),'Points Refrence'!$D$2:$E$9,2,FALSE),0) -> 21 | J4: =IFERROR(VLOOKUP(MATCH($B4,INDEX('Race Resuts'!$A$2:$W$23,0,MATCH(J$1,'Race Resuts'!$A$1:$W$1,0)),0),'Points Refrence'!$A$2:$B$11,2,FALSE),0) -> 18 | K4: =IFERROR(VLOOKUP(MATCH($B4,INDEX('Race Resuts'!$A$2:$W$23,0,MATCH(K$1,'Race Resuts'!$A$1:$W$1,0)),0),'Points Refrence'!$A$2:$B$11,2,FALSE),0) -> 25 | L4: =IFERROR(VLOOKUP(MATCH($B4,INDEX('Race Resuts'!$A$2:$W$23,0,MATCH(L$1,'Race Resuts'!$A$1:$W$1,0)),0),'Points Refrence'!$A$2:$B$11,2,FALSE),0) -> 10 | M4: =IFERROR(VLOOKUP(MATCH($B4,INDEX('Race Resuts'!$B$2:$W$23,0,MATCH(M$1,'Race Resuts'!$B$1:$W$1,0)),0),'Points Refrence'!$A$2:$B$11,2,FALSE),0)+IFERROR(VLOOKUP(MATCH($B4,INDEX('Sprint Race Results'!$B$2:$G$23,0,MATCH(M$1,'Sprint Race Results'!$B$1:$G$1,0)),0),'Points Refrence'!$D$2:$E$9,2,FALSE),0) -> 22 | N4: =IFERROR(VLOOKUP(MATCH($B4,INDEX('Race Resuts'!$A$2:$W$23,0,MATCH(N$1,'Race Resuts'!$A$1:$W$1,0)),0),'Points Refrence'!$A$2:$B$11,2,FALSE),0) -> 12 | O4: =IFERROR(VLOOKUP(MATCH($B4,INDEX('Race Resuts'!$A$2:$W$23,0,MATCH(O$1,'Race Resuts'!$A$1:$W$1,0)),0),'Points Refrence'!$A$2:$B$11,2,FALSE),0) -> 10 | P4: =IFERROR(VLOOKUP(MATCH($B4,INDEX('Race Resuts'!$B$2:$W$23,0,MATCH(P$1,'Race Resuts'!$B$1:$W$1,0)),0),'Points Refrence'!$A$2:$B$11,2,FALSE),0)+IFERROR(VLOOKUP(MATCH($B4,INDEX('Sprint Race Results'!$B$2:$G$23,0,MATCH(P$1,'Sprint Race Results'!$B$1:$G$1,0)),0),'Points Refrence'!$D$2:$E$9,2,FALSE),0) -> 0 | Q4: =IFERROR(VLOOKUP(MATCH($B4,INDEX('Race Resuts'!$A$2:$W$23,0,MATCH(Q$1,'Race Resuts'!$A$1:$W$1,0)),0),'Points Refrence'!$A$2:$B$11,2,FALSE),0) -> 0 | R4: =IFERROR(VLOOKUP(MATCH($B4,INDEX('Race Resuts'!$A$2:$W$23,0,MATCH(R$1,'Race Resuts'!$A$1:$W$1,0)),0),'Points Refrence'!$A$2:$B$11,2,FALSE),0) -> 0 | S4: =IFERROR(VLOOKUP(MATCH($B4,INDEX('Race Resuts'!$A$2:$W$23,0,MATCH(S$1,'Race Resuts'!$A$1:$W$1,0)),0),'Points Refrence'!$A$2:$B$11,2,FALSE),0) -> 0 | T4: =IFERROR(VLOOKUP(MATCH($B4,INDEX('Race Resuts'!$B$2:$W$23,0,MATCH(T$1,'Race Resuts'!$B$1:$W$1,0)),0),'Points Refrence'!$A$2:$B$11,2,FALSE),0)+IFERROR(VLOOKUP(MATCH($B4,INDEX('Sprint Race Results'!$B$2:$G$23,0,MATCH(T$1,'Sprint Race Results'!$B$1:$G$1,0)),0),'Points Refrence'!$D$2:$E$9,2,FALSE),0) -> 0 | U4: =IFERROR(VLOOKUP(MATCH($B4,INDEX('Race Resuts'!$A$2:$W$23,0,MATCH(U$1,'Race Resuts'!$A$1:$W$1,0)),0),'Points Refrence'!$A$2:$B$11,2,FALSE),0) -> 0 | V4: =IFERROR(VLOOKUP(MATCH($B4,INDEX('Race Resuts'!$A$2:$W$23,0,MATCH(V$1,'Race Resuts'!$A$1:$W$1,0)),0),'Points Refrence'!$A$2:$B$11,2,FALSE),0) -> 0 | W4: =IFERROR(VLOOKUP(MATCH($B4,INDEX('Race Resuts'!$A$2:$W$23,0,MATCH(W$1,'Race Resuts'!$A$1:$W$1,0)),0),'Points Refrence'!$A$2:$B$11,2,FALSE),0) -> 0 | X4: =IFERROR(VLOOKUP(MATCH($B4,INDEX('Race Resuts'!$A$2:$W$23,0,MATCH(X$1,'Race Resuts'!$A$1:$W$1,0)),0),'Points Refrence'!$A$2:$B$11,2,FALSE),0) -> 0 | Y4: =IFERROR(VLOOKUP(MATCH($B4,INDEX('Race Resuts'!$A$2:$W$23,0,MATCH(Y$1,'Race Resuts'!$A$1:$W$1,0)),0),'Points Refrence'!$A$2:$B$11,2,FALSE),0) -> 0 | Z4: =IFERROR(VLOOKUP(MATCH($B4,INDEX('Race Resuts'!$A$2:$W$23,0,MATCH(Z$1,'Race Resuts'!$A$1:$W$1,0)),0),'Points Refrence'!$A$2:$B$11,2,FALSE),0) -> 0 | AA4: =RANK(AB4,$AB$2:$AB$23,0)+COUNTIF($AB$2:AB4,AB4)-1 -> 2 | AB4: =SUM(C4:Z4) -> 169 | AD4: =ROW()-1 -> 3 | AE4: =INDEX($B$2:$B$23,MATCH(AD4,$AA$2:$AA$23,0)) -> RUS | AF4: =INDEX($AB$2:$AB$23,MATCH(AD4,$AA$2:$AA$23,0)) -> 160
A5: Charles Leclerc | B5: LEC | C5: =IFERROR(VLOOKUP(MATCH($B5,INDEX('Race Resuts'!$A$2:$W$23,0,MATCH(C$1,'Race Resuts'!$A$1:$W$1,0)),0),'Points Refrence'!$A$2:$B$11,2,FALSE),0) -> 15 | D5: =IFERROR(_xlfn.XLOOKUP(MATCH($B5,INDEX('Race Resuts'!$B$2:$W$23,0,MATCH(D$1,'Race Resuts'!$B$1:$W$1,0)),0),'Points Refrence'!$A$2:$A$11,'Points Refrence'!$B$2:$B$11,0),0)+IFERROR(_xlfn.XLOOKUP(MATCH($B5,INDEX('Sprint Race Results'!$B$2:$G$23,0,MATCH(D$1,'Sprint Race Results'!$B$1:$G$1,0)),0),'Points Refrence'!$D$2:$D$9,'Points Refrence'!$E$2:$E$9,0),0) -> 19 | E5: =IFERROR(VLOOKUP(MATCH($B5,INDEX('Race Resuts'!$A$2:$W$23,0,MATCH(E$1,'Race Resuts'!$A$1:$W$1,0)),0),'Points Refrence'!$A$2:$B$11,2,FALSE),0) -> 15 | F5: =IFERROR(VLOOKUP(MATCH($B5,INDEX('Race Resuts'!$A$2:$W$23,0,MATCH(F$1,'Race Resuts'!$A$1:$W$1,0)),0),'Points Refrence'!$A$2:$B$11,2,FALSE),0) -> 0 | G5: =IFERROR(VLOOKUP(MATCH($B5,INDEX('Race Resuts'!$A$2:$W$23,0,MATCH(G$1,'Race Resuts'!$A$1:$W$1,0)),0),'Points Refrence'!$A$2:$B$11,2,FALSE),0) -> 0 | H5: =IFERROR(VLOOKUP(MATCH($B5,INDEX('Race Resuts'!$B$2:$W$23,0,MATCH(H$1,'Race Resuts'!$B$1:$W$1,0)),0),'Points Refrence'!$A$2:$B$11,2,FALSE),0)+IFERROR(VLOOKUP(MATCH($B5,INDEX('Sprint Race Results'!$B$2:$G$23,0,MATCH(H$1,'Sprint Race Results'!$B$1:$G$1,0)),0),'Points Refrence'!$D$2:$E$9,2,FALSE),0) -> 10 | I5: =IFERROR(VLOOKUP(MATCH($B5,INDEX('Race Resuts'!$B$2:$W$23,0,MATCH(I$1,'Race Resuts'!$B$1:$W$1,0)),0),'Points Refrence'!$A$2:$B$11,2,FALSE),0)+IFERROR(VLOOKUP(MATCH($B5,INDEX('Sprint Race Results'!$B$2:$G$23,0,MATCH(I$1,'Sprint Race Results'!$B$1:$G$1,0)),0),'Points Refrence'!$D$2:$E$9,2,FALSE),0) -> 16 | J5: =IFERROR(VLOOKUP(MATCH($B5,INDEX('Race Resuts'!$A$2:$W$23,0,MATCH(J$1,'Race Resuts'!$A$1:$W$1,0)),0),'Points Refrence'!$A$2:$B$11,2,FALSE),0) -> 0 | K5: =IFERROR(VLOOKUP(MATCH($B5,INDEX('Race Resuts'!$A$2:$W$23,0,MATCH(K$1,'Race Resuts'!$A$1:$W$1,0)),0),'Points Refrence'!$A$2:$B$11,2,FALSE),0) -> 0 | L5: =IFERROR(VLOOKUP(MATCH($B5,INDEX('Race Resuts'!$A$2:$W$23,0,MATCH(L$1,'Race Resuts'!$A$1:$W$1,0)),0),'Points Refrence'!$A$2:$B$11,2,FALSE),0) -> 4 | M5: =IFERROR(VLOOKUP(MATCH($B5,INDEX('Race Resuts'!$B$2:$W$23,0,MATCH(M$1,'Race Resuts'!$B$1:$W$1,0)),0),'Points Refrence'!$A$2:$B$11,2,FALSE),0)+IFERROR(VLOOKUP(MATCH($B5,INDEX('Sprint Race Results'!$B$2:$G$23,0,MATCH(M$1,'Sprint Race Results'!$B$1:$G$1,0)),0),'Points Refrence'!$D$2:$E$9,2,FALSE),0) -> 29 | N5: =IFERROR(VLOOKUP(MATCH($B5,INDEX('Race Resuts'!$A$2:$W$23,0,MATCH(N$1,'Race Resuts'!$A$1:$W$1,0)),0),'Points Refrence'!$A$2:$B$11,2,FALSE),0) -> 18 | O5: =IFERROR(VLOOKUP(MATCH($B5,INDEX('Race Resuts'!$A$2:$W$23,0,MATCH(O$1,'Race Resuts'!$A$1:$W$1,0)),0),'Points Refrence'!$A$2:$B$11,2,FALSE),0) -> 12 | P5: =IFERROR(VLOOKUP(MATCH($B5,INDEX('Race Resuts'!$B$2:$W$23,0,MATCH(P$1,'Race Resuts'!$B$1:$W$1,0)),0),'Points Refrence'!$A$2:$B$11,2,FALSE),0)+IFERROR(VLOOKUP(MATCH($B5,INDEX('Sprint Race Results'!$B$2:$G$23,0,MATCH(P$1,'Sprint Race Results'!$B$1:$G$1,0)),0),'Points Refrence'!$D$2:$E$9,2,FALSE),0) -> 0 | Q5: =IFERROR(VLOOKUP(MATCH($B5,INDEX('Race Resuts'!$A$2:$W$23,0,MATCH(Q$1,'Race Resuts'!$A$1:$W$1,0)),0),'Points Refrence'!$A$2:$B$11,2,FALSE),0) -> 0 | R5: =IFERROR(VLOOKUP(MATCH($B5,INDEX('Race Resuts'!$A$2:$W$23,0,MATCH(R$1,'Race Resuts'!$A$1:$W$1,0)),0),'Points Refrence'!$A$2:$B$11,2,FALSE),0) -> 0 | S5: =IFERROR(VLOOKUP(MATCH($B5,INDEX('Race Resuts'!$A$2:$W$23,0,MATCH(S$1,'Race Resuts'!$A$1:$W$1,0)),0),'Points Refrence'!$A$2:$B$11,2,FALSE),0) -> 0 | T5: =IFERROR(VLOOKUP(MATCH($B5,INDEX('Race Resuts'!$B$2:$W$23,0,MATCH(T$1,'Race Resuts'!$B$1:$W$1,0)),0),'Points Refrence'!$A$2:$B$11,2,FALSE),0)+IFERROR(VLOOKUP(MATCH($B5,INDEX('Sprint Race Results'!$B$2:$G$23,0,MATCH(T$1,'Sprint Race Results'!$B$1:$G$1,0)),0),'Points Refrence'!$D$2:$E$9,2,FALSE),0) -> 0 | U5: =IFERROR(VLOOKUP(MATCH($B5,INDEX('Race Resuts'!$A$2:$W$23,0,MATCH(U$1,'Race Resuts'!$A$1:$W$1,0)),0),'Points Refrence'!$A$2:$B$11,2,FALSE),0) -> 0 | V5: =IFERROR(VLOOKUP(MATCH($B5,INDEX('Race Resuts'!$A$2:$W$23,0,MATCH(V$1,'Race Resuts'!$A$1:$W$1,0)),0),'Points Refrence'!$A$2:$B$11,2,FALSE),0) -> 0 | W5: =IFERROR(VLOOKUP(MATCH($B5,INDEX('Race Resuts'!$A$2:$W$23,0,MATCH(W$1,'Race Resuts'!$A$1:$W$1,0)),0),'Points Refrence'!$A$2:$B$11,2,FALSE),0) -> 0 | X5: =IFERROR(VLOOKUP(MATCH($B5,INDEX('Race Resuts'!$A$2:$W$23,0,MATCH(X$1,'Race Resuts'!$A$1:$W$1,0)),0),'Points Refrence'!$A$2:$B$11,2,FALSE),0) -> 0 | Y5: =IFERROR(VLOOKUP(MATCH($B5,INDEX('Race Resuts'!$A$2:$W$23,0,MATCH(Y$1,'Race Resuts'!$A$1:$W$1,0)),0),'Points Refrence'!$A$2:$B$11,2,FALSE),0) -> 0 | Z5: =IFERROR(VLOOKUP(MATCH($B5,INDEX('Race Resuts'!$A$2:$W$23,0,MATCH(Z$1,'Race Resuts'!$A$1:$W$1,0)),0),'Points Refrence'!$A$2:$B$11,2,FALSE),0) -> 0 | AA5: =RANK(AB5,$AB$2:$AB$23,0)+COUNTIF($AB$2:AB5,AB5)-1 -> 4 | AB5: =SUM(C5:Z5) -> 138 | AD5: =ROW()-1 -> 4 | AE5: =INDEX($B$2:$B$23,MATCH(AD5,$AA$2:$AA$23,0)) -> LEC | AF5: =INDEX($AB$2:$AB$23,MATCH(AD5,$AA$2:$AA$23,0)) -> 138
A6: Lando Norris | B6: NOR | C6: =IFERROR(VLOOKUP(MATCH($B6,INDEX('Race Resuts'!$A$2:$W$23,0,MATCH(C$1,'Race Resuts'!$A$1:$W$1,0)),0),'Points Refrence'!$A$2:$B$11,2,FALSE),0) -> 10 | D6: =IFERROR(_xlfn.XLOOKUP(MATCH($B6,INDEX('Race Resuts'!$B$2:$W$23,0,MATCH(D$1,'Race Resuts'!$B$1:$W$1,0)),0),'Points Refrence'!$A$2:$A$11,'Points Refrence'!$B$2:$B$11,0),0)+IFERROR(_xlfn.XLOOKUP(MATCH($B6,INDEX('Sprint Race Results'!$B$2:$G$23,0,MATCH(D$1,'Sprint Race Results'!$B$1:$G$1,0)),0),'Points Refrence'!$D$2:$D$9,'Points Refrence'!$E$2:$E$9,0),0) -> 5 | E6: =IFERROR(VLOOKUP(MATCH($B6,INDEX('Race Resuts'!$A$2:$W$23,0,MATCH(E$1,'Race Resuts'!$A$1:$W$1,0)),0),'Points Refrence'!$A$2:$B$11,2,FALSE),0) -> 10 | F6: =IFERROR(VLOOKUP(MATCH($B6,INDEX('Race Resuts'!$A$2:$W$23,0,MATCH(F$1,'Race Resuts'!$A$1:$W$1,0)),0),'Points Refrence'!$A$2:$B$11,2,FALSE),0) -> 0 | G6: =IFERROR(VLOOKUP(MATCH($B6,INDEX('Race Resuts'!$A$2:$W$23,0,MATCH(G$1,'Race Resuts'!$A$1:$W$1,0)),0),'Points Refrence'!$A$2:$B$11,2,FALSE),0) -> 0 | H6: =IFERROR(VLOOKUP(MATCH($B6,INDEX('Race Resuts'!$B$2:$W$23,0,MATCH(H$1,'Race Resuts'!$B$1:$W$1,0)),0),'Points Refrence'!$A$2:$B$11,2,FALSE),0)+IFERROR(VLOOKUP(MATCH($B6,INDEX('Sprint Race Results'!$B$2:$G$23,0,MATCH(H$1,'Sprint Race Results'!$B$1:$G$1,0)),0),'Points Refrence'!$D$2:$E$9,2,FALSE),0) -> 26 | I6: =IFERROR(VLOOKUP(MATCH($B6,INDEX('Race Resuts'!$B$2:$W$23,0,MATCH(I$1,'Race Resuts'!$B$1:$W$1,0)),0),'Points Refrence'!$A$2:$B$11,2,FALSE),0)+IFERROR(VLOOKUP(MATCH($B6,INDEX('Sprint Race Results'!$B$2:$G$23,0,MATCH(I$1,'Sprint Race Results'!$B$1:$G$1,0)),0),'Points Refrence'!$D$2:$E$9,2,FALSE),0) -> 7 | J6: =IFERROR(VLOOKUP(MATCH($B6,INDEX('Race Resuts'!$A$2:$W$23,0,MATCH(J$1,'Race Resuts'!$A$1:$W$1,0)),0),'Points Refrence'!$A$2:$B$11,2,FALSE),0) -> 0 | K6: =IFERROR(VLOOKUP(MATCH($B6,INDEX('Race Resuts'!$A$2:$W$23,0,MATCH(K$1,'Race Resuts'!$A$1:$W$1,0)),0),'Points Refrence'!$A$2:$B$11,2,FALSE),0) -> 15 | L6: =IFERROR(VLOOKUP(MATCH($B6,INDEX('Race Resuts'!$A$2:$W$23,0,MATCH(L$1,'Race Resuts'!$A$1:$W$1,0)),0),'Points Refrence'!$A$2:$B$11,2,FALSE),0) -> 6 | M6: =IFERROR(VLOOKUP(MATCH($B6,INDEX('Race Resuts'!$B$2:$W$23,0,MATCH(M$1,'Race Resuts'!$B$1:$W$1,0)),0),'Points Refrence'!$A$2:$B$11,2,FALSE),0)+IFERROR(VLOOKUP(MATCH($B6,INDEX('Sprint Race Results'!$B$2:$G$23,0,MATCH(M$1,'Sprint Race Results'!$B$1:$G$1,0)),0),'Points Refrence'!$D$2:$E$9,2,FALSE),0) -> 18 | N6: =IFERROR(VLOOKUP(MATCH($B6,INDEX('Race Resuts'!$A$2:$W$23,0,MATCH(N$1,'Race Resuts'!$A$1:$W$1,0)),0),'Points Refrence'!$A$2:$B$11,2,FALSE),0) -> 6 | O6: =IFERROR(VLOOKUP(MATCH($B6,INDEX('Race Resuts'!$A$2:$W$23,0,MATCH(O$1,'Race Resuts'!$A$1:$W$1,0)),0),'Points Refrence'!$A$2:$B$11,2,FALSE),0) -> 25 | P6: =IFERROR(VLOOKUP(MATCH($B6,INDEX('Race Resuts'!$B$2:$W$23,0,MATCH(P$1,'Race Resuts'!$B$1:$W$1,0)),0),'Points Refrence'!$A$2:$B$11,2,FALSE),0)+IFERROR(VLOOKUP(MATCH($B6,INDEX('Sprint Race Results'!$B$2:$G$23,0,MATCH(P$1,'Sprint Race Results'!$B$1:$G$1,0)),0),'Points Refrence'!$D$2:$E$9,2,FALSE),0) -> 0 | Q6: =IFERROR(VLOOKUP(MATCH($B6,INDEX('Race Resuts'!$A$2:$W$23,0,MATCH(Q$1,'Race Resuts'!$A$1:$W$1,0)),0),'Points Refrence'!$A$2:$B$11,2,FALSE),0) -> 0 | R6: =IFERROR(VLOOKUP(MATCH($B6,INDEX('Race Resuts'!$A$2:$W$23,0,MATCH(R$1,'Race Resuts'!$A$1:$W$1,0)),0),'Points Refrence'!$A$2:$B$11,2,FALSE),0) -> 0 | S6: =IFERROR(VLOOKUP(MATCH($B6,INDEX('Race Resuts'!$A$2:$W$23,0,MATCH(S$1,'Race Resuts'!$A$1:$W$1,0)),0),'Points Refrence'!$A$2:$B$11,2,FALSE),0) -> 0 | T6: =IFERROR(VLOOKUP(MATCH($B6,INDEX('Race Resuts'!$B$2:$W$23,0,MATCH(T$1,'Race Resuts'!$B$1:$W$1,0)),0),'Points Refrence'!$A$2:$B$11,2,FALSE),0)+IFERROR(VLOOKUP(MATCH($B6,INDEX('Sprint Race Results'!$B$2:$G$23,0,MATCH(T$1,'Sprint Race Results'!$B$1:$G$1,0)),0),'Points Refrence'!$D$2:$E$9,2,FALSE),0) -> 0 | U6: =IFERROR(VLOOKUP(MATCH($B6,INDEX('Race Resuts'!$A$2:$W$23,0,MATCH(U$1,'Race Resuts'!$A$1:$W$1,0)),0),'Points Refrence'!$A$2:$B$11,2,FALSE),0) -> 0 | V6: =IFERROR(VLOOKUP(MATCH($B6,INDEX('Race Resuts'!$A$2:$W$23,0,MATCH(V$1,'Race Resuts'!$A$1:$W$1,0)),0),'Points Refrence'!$A$2:$B$11,2,FALSE),0) -> 0 | W6: =IFERROR(VLOOKUP(MATCH($B6,INDEX('Race Resuts'!$A$2:$W$23,0,MATCH(W$1,'Race Resuts'!$A$1:$W$1,0)),0),'Points Refrence'!$A$2:$B$11,2,FALSE),0) -> 0 | X6: =IFERROR(VLOOKUP(MATCH($B6,INDEX('Race Resuts'!$A$2:$W$23,0,MATCH(X$1,'Race Resuts'!$A$1:$W$1,0)),0),'Points Refrence'!$A$2:$B$11,2,FALSE),0) -> 0 | Y6: =IFERROR(VLOOKUP(MATCH($B6,INDEX('Race Resuts'!$A$2:$W$23,0,MATCH(Y$1,'Race Resuts'!$A$1:$W$1,0)),0),'Points Refrence'!$A$2:$B$11,2,FALSE),0) -> 0 | Z6: =IFERROR(VLOOKUP(MATCH($B6,INDEX('Race Resuts'!$A$2:$W$23,0,MATCH(Z$1,'Race Resuts'!$A$1:$W$1,0)),0),'Points Refrence'!$A$2:$B$11,2,FALSE),0) -> 0 | AA6: =RANK(AB6,$AB$2:$AB$23,0)+COUNTIF($AB$2:AB6,AB6)-1 -> 5 | AB6: =SUM(C6:Z6) -> 128 | AD6: =ROW()-1 -> 5 | AE6: =INDEX($B$2:$B$23,MATCH(AD6,$AA$2:$AA$23,0)) -> NOR | AF6: =INDEX($AB$2:$AB$23,MATCH(AD6,$AA$2:$AA$23,0)) -> 128
A7: Oscar Piastri | B7: PIA | C7: =IFERROR(VLOOKUP(MATCH($B7,INDEX('Race Resuts'!$A$2:$W$23,0,MATCH(C$1,'Race Resuts'!$A$1:$W$1,0)),0),'Points Refrence'!$A$2:$B$11,2,FALSE),0) -> 0 | D7: =IFERROR(_xlfn.XLOOKUP(MATCH($B7,INDEX('Race Resuts'!$B$2:$W$23,0,MATCH(D$1,'Race Resuts'!$B$1:$W$1,0)),0),'Points Refrence'!$A$2:$A$11,'Points Refrence'!$B$2:$B$11,0),0)+IFERROR(_xlfn.XLOOKUP(MATCH($B7,INDEX('Sprint Race Results'!$B$2:$G$23,0,MATCH(D$1,'Sprint Race Results'!$B$1:$G$1,0)),0),'Points Refrence'!$D$2:$D$9,'Points Refrence'!$E$2:$E$9,0),0) -> 3 | E7: =IFERROR(VLOOKUP(MATCH($B7,INDEX('Race Resuts'!$A$2:$W$23,0,MATCH(E$1,'Race Resuts'!$A$1:$W$1,0)),0),'Points Refrence'!$A$2:$B$11,2,FALSE),0) -> 18 | F7: =IFERROR(VLOOKUP(MATCH($B7,INDEX('Race Resuts'!$A$2:$W$23,0,MATCH(F$1,'Race Resuts'!$A$1:$W$1,0)),0),'Points Refrence'!$A$2:$B$11,2,FALSE),0) -> 0 | G7: =IFERROR(VLOOKUP(MATCH($B7,INDEX('Race Resuts'!$A$2:$W$23,0,MATCH(G$1,'Race Resuts'!$A$1:$W$1,0)),0),'Points Refrence'!$A$2:$B$11,2,FALSE),0) -> 0 | H7: =IFERROR(VLOOKUP(MATCH($B7,INDEX('Race Resuts'!$B$2:$W$23,0,MATCH(H$1,'Race Resuts'!$B$1:$W$1,0)),0),'Points Refrence'!$A$2:$B$11,2,FALSE),0)+IFERROR(VLOOKUP(MATCH($B7,INDEX('Sprint Race Results'!$B$2:$G$23,0,MATCH(H$1,'Sprint Race Results'!$B$1:$G$1,0)),0),'Points Refrence'!$D$2:$E$9,2,FALSE),0) -> 22 | I7: =IFERROR(VLOOKUP(MATCH($B7,INDEX('Race Resuts'!$B$2:$W$23,0,MATCH(I$1,'Race Resuts'!$B$1:$W$1,0)),0),'Points Refrence'!$A$2:$B$11,2,FALSE),0)+IFERROR(VLOOKUP(MATCH($B7,INDEX('Sprint Race Results'!$B$2:$G$23,0,MATCH(I$1,'Sprint Race Results'!$B$1:$G$1,0)),0),'Points Refrence'!$D$2:$E$9,2,FALSE),0) -> 5 | J7: =IFERROR(VLOOKUP(MATCH($B7,INDEX('Race Resuts'!$A$2:$W$23,0,MATCH(J$1,'Race Resuts'!$A$1:$W$1,0)),0),'Points Refrence'!$A$2:$B$11,2,FALSE),0) -> 10 | K7: =IFERROR(VLOOKUP(MATCH($B7,INDEX('Race Resuts'!$A$2:$W$23,0,MATCH(K$1,'Race Resuts'!$A$1:$W$1,0)),0),'Points Refrence'!$A$2:$B$11,2,FALSE),0) -> 10 | L7: =IFERROR(VLOOKUP(MATCH($B7,INDEX('Race Resuts'!$A$2:$W$23,0,MATCH(L$1,'Race Resuts'!$A$1:$W$1,0)),0),'Points Refrence'!$A$2:$B$11,2,FALSE),0) -> 12 | M7: =IFERROR(VLOOKUP(MATCH($B7,INDEX('Race Resuts'!$B$2:$W$23,0,MATCH(M$1,'Race Resuts'!$B$1:$W$1,0)),0),'Points Refrence'!$A$2:$B$11,2,FALSE),0)+IFERROR(VLOOKUP(MATCH($B7,INDEX('Sprint Race Results'!$B$2:$G$23,0,MATCH(M$1,'Sprint Race Results'!$B$1:$G$1,0)),0),'Points Refrence'!$D$2:$E$9,2,FALSE),0) -> 2 | N7: =IFERROR(VLOOKUP(MATCH($B7,INDEX('Race Resuts'!$A$2:$W$23,0,MATCH(N$1,'Race Resuts'!$A$1:$W$1,0)),0),'Points Refrence'!$A$2:$B$11,2,FALSE),0) -> 10 | O7: =IFERROR(VLOOKUP(MATCH($B7,INDEX('Race Resuts'!$A$2:$W$23,0,MATCH(O$1,'Race Resuts'!$A$1:$W$1,0)),0),'Points Refrence'!$A$2:$B$11,2,FALSE),0) -> 0 | P7: =IFERROR(VLOOKUP(MATCH($B7,INDEX('Race Resuts'!$B$2:$W$23,0,MATCH(P$1,'Race Resuts'!$B$1:$W$1,0)),0),'Points Refrence'!$A$2:$B$11,2,FALSE),0)+IFERROR(VLOOKUP(MATCH($B7,INDEX('Sprint Race Results'!$B$2:$G$23,0,MATCH(P$1,'Sprint Race Results'!$B$1:$G$1,0)),0),'Points Refrence'!$D$2:$E$9,2,FALSE),0) -> 0 | Q7: =IFERROR(VLOOKUP(MATCH($B7,INDEX('Race Resuts'!$A$2:$W$23,0,MATCH(Q$1,'Race Resuts'!$A$1:$W$1,0)),0),'Points Refrence'!$A$2:$B$11,2,FALSE),0) -> 0 | R7: =IFERROR(VLOOKUP(MATCH($B7,INDEX('Race Resuts'!$A$2:$W$23,0,MATCH(R$1,'Race Resuts'!$A$1:$W$1,0)),0),'Points Refrence'!$A$2:$B$11,2,FALSE),0) -> 0 | S7: =IFERROR(VLOOKUP(MATCH($B7,INDEX('Race Resuts'!$A$2:$W$23,0,MATCH(S$1,'Race Resuts'!$A$1:$W$1,0)),0),'Points Refrence'!$A$2:$B$11,2,FALSE),0) -> 0 | T7: =IFERROR(VLOOKUP(MATCH($B7,INDEX('Race Resuts'!$B$2:$W$23,0,MATCH(T$1,'Race Resuts'!$B$1:$W$1,0)),0),'Points Refrence'!$A$2:$B$11,2,FALSE),0)+IFERROR(VLOOKUP(MATCH($B7,INDEX('Sprint Race Results'!$B$2:$G$23,0,MATCH(T$1,'Sprint Race Results'!$B$1:$G$1,0)),0),'Points Refrence'!$D$2:$E$9,2,FALSE),0) -> 0 | U7: =IFERROR(VLOOKUP(MATCH($B7,INDEX('Race Resuts'!$A$2:$W$23,0,MATCH(U$1,'Race Resuts'!$A$1:$W$1,0)),0),'Points Refrence'!$A$2:$B$11,2,FALSE),0) -> 0 | V7: =IFERROR(VLOOKUP(MATCH($B7,INDEX('Race Resuts'!$A$2:$W$23,0,MATCH(V$1,'Race Resuts'!$A$1:$W$1,0)),0),'Points Refrence'!$A$2:$B$11,2,FALSE),0) -> 0 | W7: =IFERROR(VLOOKUP(MATCH($B7,INDEX('Race Resuts'!$A$2:$W$23,0,MATCH(W$1,'Race Resuts'!$A$1:$W$1,0)),0),'Points Refrence'!$A$2:$B$11,2,FALSE),0) -> 0 | X7: =IFERROR(VLOOKUP(MATCH($B7,INDEX('Race Resuts'!$A$2:$W$23,0,MATCH(X$1,'Race Resuts'!$A$1:$W$1,0)),0),'Points Refrence'!$A$2:$B$11,2,FALSE),0) -> 0 | Y7: =IFERROR(VLOOKUP(MATCH($B7,INDEX('Race Resuts'!$A$2:$W$23,0,MATCH(Y$1,'Race Resuts'!$A$1:$W$1,0)),0),'Points Refrence'!$A$2:$B$11,2,FALSE),0) -> 0 | Z7: =IFERROR(VLOOKUP(MATCH($B7,INDEX('Race Resuts'!$A$2:$W$23,0,MATCH(Z$1,'Race Resuts'!$A$1:$W$1,0)),0),'Points Refrence'!$A$2:$B$11,2,FALSE),0) -> 0 | AA7: =RANK(AB7,$AB$2:$AB$23,0)+COUNTIF($AB$2:AB7,AB7)-1 -> 7 | AB7: =SUM(C7:Z7) -> 92 | AD7: =ROW()-1 -> 6 | AE7: =INDEX($B$2:$B$23,MATCH(AD7,$AA$2:$AA$23,0)) -> VER | AF7: =INDEX($AB$2:$AB$23,MATCH(AD7,$AA$2:$AA$23,0)) -> 109
A8: Max Verstappen | B8: VER | C8: =IFERROR(VLOOKUP(MATCH($B8,INDEX('Race Resuts'!$A$2:$W$23,0,MATCH(C$1,'Race Resuts'!$A$1:$W$1,0)),0),'Points Refrence'!$A$2:$B$11,2,FALSE),0) -> 8 | D8: =IFERROR(_xlfn.XLOOKUP(MATCH($B8,INDEX('Race Resuts'!$B$2:$W$23,0,MATCH(D$1,'Race Resuts'!$B$1:$W$1,0)),0),'Points Refrence'!$A$2:$A$11,'Points Refrence'!$B$2:$B$11,0),0)+IFERROR(_xlfn.XLOOKUP(MATCH($B8,INDEX('Sprint Race Results'!$B$2:$G$23,0,MATCH(D$1,'Sprint Race Results'!$B$1:$G$1,0)),0),'Points Refrence'!$D$2:$D$9,'Points Refrence'!$E$2:$E$9,0),0) -> 0 | E8: =IFERROR(VLOOKUP(MATCH($B8,INDEX('Race Resuts'!$A$2:$W$23,0,MATCH(E$1,'Race Resuts'!$A$1:$W$1,0)),0),'Points Refrence'!$A$2:$B$11,2,FALSE),0) -> 4 | F8: =IFERROR(VLOOKUP(MATCH($B8,INDEX('Race Resuts'!$A$2:$W$23,0,MATCH(F$1,'Race Resuts'!$A$1:$W$1,0)),0),'Points Refrence'!$A$2:$B$11,2,FALSE),0) -> 0 | G8: =IFERROR(VLOOKUP(MATCH($B8,INDEX('Race Resuts'!$A$2:$W$23,0,MATCH(G$1,'Race Resuts'!$A$1:$W$1,0)),0),'Points Refrence'!$A$2:$B$11,2,FALSE),0) -> 0 | H8: =IFERROR(VLOOKUP(MATCH($B8,INDEX('Race Resuts'!$B$2:$W$23,0,MATCH(H$1,'Race Resuts'!$B$1:$W$1,0)),0),'Points Refrence'!$A$2:$B$11,2,FALSE),0)+IFERROR(VLOOKUP(MATCH($B8,INDEX('Sprint Race Results'!$B$2:$G$23,0,MATCH(H$1,'Sprint Race Results'!$B$1:$G$1,0)),0),'Points Refrence'!$D$2:$E$9,2,FALSE),0) -> 14 | I8: =IFERROR(VLOOKUP(MATCH($B8,INDEX('Race Resuts'!$B$2:$W$23,0,MATCH(I$1,'Race Resuts'!$B$1:$W$1,0)),0),'Points Refrence'!$A$2:$B$11,2,FALSE),0)+IFERROR(VLOOKUP(MATCH($B8,INDEX('Sprint Race Results'!$B$2:$G$23,0,MATCH(I$1,'Sprint Race Results'!$B$1:$G$1,0)),0),'Points Refrence'!$D$2:$E$9,2,FALSE),0) -> 17 | J8: =IFERROR(VLOOKUP(MATCH($B8,INDEX('Race Resuts'!$A$2:$W$23,0,MATCH(J$1,'Race Resuts'!$A$1:$W$1,0)),0),'Points Refrence'!$A$2:$B$11,2,FALSE),0) -> 0 | K8: =IFERROR(VLOOKUP(MATCH($B8,INDEX('Race Resuts'!$A$2:$W$23,0,MATCH(K$1,'Race Resuts'!$A$1:$W$1,0)),0),'Points Refrence'!$A$2:$B$11,2,FALSE),0) -> 12 | L8: =IFERROR(VLOOKUP(MATCH($B8,INDEX('Race Resuts'!$A$2:$W$23,0,MATCH(L$1,'Race Resuts'!$A$1:$W$1,0)),0),'Points Refrence'!$A$2:$B$11,2,FALSE),0) -> 18 | M8: =IFERROR(VLOOKUP(MATCH($B8,INDEX('Race Resuts'!$B$2:$W$23,0,MATCH(M$1,'Race Resuts'!$B$1:$W$1,0)),0),'Points Refrence'!$A$2:$B$11,2,FALSE),0)+IFERROR(VLOOKUP(MATCH($B8,INDEX('Sprint Race Results'!$B$2:$G$23,0,MATCH(M$1,'Sprint Race Results'!$B$1:$G$1,0)),0),'Points Refrence'!$D$2:$E$9,2,FALSE),0) -> 3 | N8: =IFERROR(VLOOKUP(MATCH($B8,INDEX('Race Resuts'!$A$2:$W$23,0,MATCH(N$1,'Race Resuts'!$A$1:$W$1,0)),0),'Points Refrence'!$A$2:$B$11,2,FALSE),0) -> 15 | O8: =IFERROR(VLOOKUP(MATCH($B8,INDEX('Race Resuts'!$A$2:$W$23,0,MATCH(O$1,'Race Resuts'!$A$1:$W$1,0)),0),'Points Refrence'!$A$2:$B$11,2,FALSE),0) -> 18 | P8: =IFERROR(VLOOKUP(MATCH($B8,INDEX('Race Resuts'!$B$2:$W$23,0,MATCH(P$1,'Race Resuts'!$B$1:$W$1,0)),0),'Points Refrence'!$A$2:$B$11,2,FALSE),0)+IFERROR(VLOOKUP(MATCH($B8,INDEX('Sprint Race Results'!$B$2:$G$23,0,MATCH(P$1,'Sprint Race Results'!$B$1:$G$1,0)),0),'Points Refrence'!$D$2:$E$9,2,FALSE),0) -> 0 | Q8: =IFERROR(VLOOKUP(MATCH($B8,INDEX('Race Resuts'!$A$2:$W$23,0,MATCH(Q$1,'Race Resuts'!$A$1:$W$1,0)),0),'Points Refrence'!$A$2:$B$11,2,FALSE),0) -> 0 | R8: =IFERROR(VLOOKUP(MATCH($B8,INDEX('Race Resuts'!$A$2:$W$23,0,MATCH(R$1,'Race Resuts'!$A$1:$W$1,0)),0),'Points Refrence'!$A$2:$B$11,2,FALSE),0) -> 0 | S8: =IFERROR(VLOOKUP(MATCH($B8,INDEX('Race Resuts'!$A$2:$W$23,0,MATCH(S$1,'Race Resuts'!$A$1:$W$1,0)),0),'Points Refrence'!$A$2:$B$11,2,FALSE),0) -> 0 | T8: =IFERROR(VLOOKUP(MATCH($B8,INDEX('Race Resuts'!$B$2:$W$23,0,MATCH(T$1,'Race Resuts'!$B$1:$W$1,0)),0),'Points Refrence'!$A$2:$B$11,2,FALSE),0)+IFERROR(VLOOKUP(MATCH($B8,INDEX('Sprint Race Results'!$B$2:$G$23,0,MATCH(T$1,'Sprint Race Results'!$B$1:$G$1,0)),0),'Points Refrence'!$D$2:$E$9,2,FALSE),0) -> 0 | U8: =IFERROR(VLOOKUP(MATCH($B8,INDEX('Race Resuts'!$A$2:$W$23,0,MATCH(U$1,'Race Resuts'!$A$1:$W$1,0)),0),'Points Refrence'!$A$2:$B$11,2,FALSE),0) -> 0 | V8: =IFERROR(VLOOKUP(MATCH($B8,INDEX('Race Resuts'!$A$2:$W$23,0,MATCH(V$1,'Race Resuts'!$A$1:$W$1,0)),0),'Points Refrence'!$A$2:$B$11,2,FALSE),0) -> 0 | W8: =IFERROR(VLOOKUP(MATCH($B8,INDEX('Race Resuts'!$A$2:$W$23,0,MATCH(W$1,'Race Resuts'!$A$1:$W$1,0)),0),'Points Refrence'!$A$2:$B$11,2,FALSE),0) -> 0 | X8: =IFERROR(VLOOKUP(MATCH($B8,INDEX('Race Resuts'!$A$2:$W$23,0,MATCH(X$1,'Race Resuts'!$A$1:$W$1,0)),0),'Points Refrence'!$A$2:$B$11,2,FALSE),0) -> 0 | Y8: =IFERROR(VLOOKUP(MATCH($B8,INDEX('Race Resuts'!$A$2:$W$23,0,MATCH(Y$1,'Race Resuts'!$A$1:$W$1,0)),0),'Points Refrence'!$A$2:$B$11,2,FALSE),0) -> 0 | Z8: =IFERROR(VLOOKUP(MATCH($B8,INDEX('Race Resuts'!$A$2:$W$23,0,MATCH(Z$1,'Race Resuts'!$A$1:$W$1,0)),0),'Points Refrence'!$A$2:$B$11,2,FALSE),0) -> 0 | AA8: =RANK(AB8,$AB$2:$AB$23,0)+COUNTIF($AB$2:AB8,AB8)-1 -> 6 | AB8: =SUM(C8:Z8) -> 109 | AD8: =ROW()-1 -> 7 | AE8: =INDEX($B$2:$B$23,MATCH(AD8,$AA$2:$AA$23,0)) -> PIA | AF8: =INDEX($AB$2:$AB$23,MATCH(AD8,$AA$2:$AA$23,0)) -> 92
A9: Isack Hadjar | B9: HAD | C9: =IFERROR(VLOOKUP(MATCH($B9,INDEX('Race Resuts'!$A$2:$W$23,0,MATCH(C$1,'Race Resuts'!$A$1:$W$1,0)),0),'Points Refrence'!$A$2:$B$11,2,FALSE),0) -> 0 | D9: =IFERROR(_xlfn.XLOOKUP(MATCH($B9,INDEX('Race Resuts'!$B$2:$W$23,0,MATCH(D$1,'Race Resuts'!$B$1:$W$1,0)),0),'Points Refrence'!$A$2:$A$11,'Points Refrence'!$B$2:$B$11,0),0)+IFERROR(_xlfn.XLOOKUP(MATCH($B9,INDEX('Sprint Race Results'!$B$2:$G$23,0,MATCH(D$1,'Sprint Race Results'!$B$1:$G$1,0)),0),'Points Refrence'!$D$2:$D$9,'Points Refrence'!$E$2:$E$9,0),0) -> 4 | E9: =IFERROR(VLOOKUP(MATCH($B9,INDEX('Race Resuts'!$A$2:$W$23,0,MATCH(E$1,'Race Resuts'!$A$1:$W$1,0)),0),'Points Refrence'!$A$2:$B$11,2,FALSE),0) -> 0 | F9: =IFERROR(VLOOKUP(MATCH($B9,INDEX('Race Resuts'!$A$2:$W$23,0,MATCH(F$1,'Race Resuts'!$A$1:$W$1,0)),0),'Points Refrence'!$A$2:$B$11,2,FALSE),0) -> 0 | G9: =IFERROR(VLOOKUP(MATCH($B9,INDEX('Race Resuts'!$A$2:$W$23,0,MATCH(G$1,'Race Resuts'!$A$1:$W$1,0)),0),'Points Refrence'!$A$2:$B$11,2,FALSE),0) -> 0 | H9: =IFERROR(VLOOKUP(MATCH($B9,INDEX('Race Resuts'!$B$2:$W$23,0,MATCH(H$1,'Race Resuts'!$B$1:$W$1,0)),0),'Points Refrence'!$A$2:$B$11,2,FALSE),0)+IFERROR(VLOOKUP(MATCH($B9,INDEX('Sprint Race Results'!$B$2:$G$23,0,MATCH(H$1,'Sprint Race Results'!$B$1:$G$1,0)),0),'Points Refrence'!$D$2:$E$9,2,FALSE),0) -> 0 | I9: =IFERROR(VLOOKUP(MATCH($B9,INDEX('Race Resuts'!$B$2:$W$23,0,MATCH(I$1,'Race Resuts'!$B$1:$W$1,0)),0),'Points Refrence'!$A$2:$B$11,2,FALSE),0)+IFERROR(VLOOKUP(MATCH($B9,INDEX('Sprint Race Results'!$B$2:$G$23,0,MATCH(I$1,'Sprint Race Results'!$B$1:$G$1,0)),0),'Points Refrence'!$D$2:$E$9,2,FALSE),0) -> 10 | J9: =IFERROR(VLOOKUP(MATCH($B9,INDEX('Race Resuts'!$A$2:$W$23,0,MATCH(J$1,'Race Resuts'!$A$1:$W$1,0)),0),'Points Refrence'!$A$2:$B$11,2,FALSE),0) -> 12 | K9: =IFERROR(VLOOKUP(MATCH($B9,INDEX('Race Resuts'!$A$2:$W$23,0,MATCH(K$1,'Race Resuts'!$A$1:$W$1,0)),0),'Points Refrence'!$A$2:$B$11,2,FALSE),0) -> 8 | L9: =IFERROR(VLOOKUP(MATCH($B9,INDEX('Race Resuts'!$A$2:$W$23,0,MATCH(L$1,'Race Resuts'!$A$1:$W$1,0)),0),'Points Refrence'!$A$2:$B$11,2,FALSE),0) -> 8 | M9: =IFERROR(VLOOKUP(MATCH($B9,INDEX('Race Resuts'!$B$2:$W$23,0,MATCH(M$1,'Race Resuts'!$B$1:$W$1,0)),0),'Points Refrence'!$A$2:$B$11,2,FALSE),0)+IFERROR(VLOOKUP(MATCH($B9,INDEX('Sprint Race Results'!$B$2:$G$23,0,MATCH(M$1,'Sprint Race Results'!$B$1:$G$1,0)),0),'Points Refrence'!$D$2:$E$9,2,FALSE),0) -> 10 | N9: =IFERROR(VLOOKUP(MATCH($B9,INDEX('Race Resuts'!$A$2:$W$23,0,MATCH(N$1,'Race Resuts'!$A$1:$W$1,0)),0),'Points Refrence'!$A$2:$B$11,2,FALSE),0) -> 8 | O9: =IFERROR(VLOOKUP(MATCH($B9,INDEX('Race Resuts'!$A$2:$W$23,0,MATCH(O$1,'Race Resuts'!$A$1:$W$1,0)),0),'Points Refrence'!$A$2:$B$11,2,FALSE),0) -> 8 | P9: =IFERROR(VLOOKUP(MATCH($B9,INDEX('Race Resuts'!$B$2:$W$23,0,MATCH(P$1,'Race Resuts'!$B$1:$W$1,0)),0),'Points Refrence'!$A$2:$B$11,2,FALSE),0)+IFERROR(VLOOKUP(MATCH($B9,INDEX('Sprint Race Results'!$B$2:$G$23,0,MATCH(P$1,'Sprint Race Results'!$B$1:$G$1,0)),0),'Points Refrence'!$D$2:$E$9,2,FALSE),0) -> 0 | Q9: =IFERROR(VLOOKUP(MATCH($B9,INDEX('Race Resuts'!$A$2:$W$23,0,MATCH(Q$1,'Race Resuts'!$A$1:$W$1,0)),0),'Points Refrence'!$A$2:$B$11,2,FALSE),0) -> 0 | R9: =IFERROR(VLOOKUP(MATCH($B9,INDEX('Race Resuts'!$A$2:$W$23,0,MATCH(R$1,'Race Resuts'!$A$1:$W$1,0)),0),'Points Refrence'!$A$2:$B$11,2,FALSE),0) -> 0 | S9: =IFERROR(VLOOKUP(MATCH($B9,INDEX('Race Resuts'!$A$2:$W$23,0,MATCH(S$1,'Race Resuts'!$A$1:$W$1,0)),0),'Points Refrence'!$A$2:$B$11,2,FALSE),0) -> 0 | T9: =IFERROR(VLOOKUP(MATCH($B9,INDEX('Race Resuts'!$B$2:$W$23,0,MATCH(T$1,'Race Resuts'!$B$1:$W$1,0)),0),'Points Refrence'!$A$2:$B$11,2,FALSE),0)+IFERROR(VLOOKUP(MATCH($B9,INDEX('Sprint Race Results'!$B$2:$G$23,0,MATCH(T$1,'Sprint Race Results'!$B$1:$G$1,0)),0),'Points Refrence'!$D$2:$E$9,2,FALSE),0) -> 0 | U9: =IFERROR(VLOOKUP(MATCH($B9,INDEX('Race Resuts'!$A$2:$W$23,0,MATCH(U$1,'Race Resuts'!$A$1:$W$1,0)),0),'Points Refrence'!$A$2:$B$11,2,FALSE),0) -> 0 | V9: =IFERROR(VLOOKUP(MATCH($B9,INDEX('Race Resuts'!$A$2:$W$23,0,MATCH(V$1,'Race Resuts'!$A$1:$W$1,0)),0),'Points Refrence'!$A$2:$B$11,2,FALSE),0) -> 0 | W9: =IFERROR(VLOOKUP(MATCH($B9,INDEX('Race Resuts'!$A$2:$W$23,0,MATCH(W$1,'Race Resuts'!$A$1:$W$1,0)),0),'Points Refrence'!$A$2:$B$11,2,FALSE),0) -> 0 | X9: =IFERROR(VLOOKUP(MATCH($B9,INDEX('Race Resuts'!$A$2:$W$23,0,MATCH(X$1,'Race Resuts'!$A$1:$W$1,0)),0),'Points Refrence'!$A$2:$B$11,2,FALSE),0) -> 0 | Y9: =IFERROR(VLOOKUP(MATCH($B9,INDEX('Race Resuts'!$A$2:$W$23,0,MATCH(Y$1,'Race Resuts'!$A$1:$W$1,0)),0),'Points Refrence'!$A$2:$B$11,2,FALSE),0) -> 0 | Z9: =IFERROR(VLOOKUP(MATCH($B9,INDEX('Race Resuts'!$A$2:$W$23,0,MATCH(Z$1,'Race Resuts'!$A$1:$W$1,0)),0),'Points Refrence'!$A$2:$B$11,2,FALSE),0) -> 0 | AA9: =RANK(AB9,$AB$2:$AB$23,0)+COUNTIF($AB$2:AB9,AB9)-1 -> 8 | AB9: =SUM(C9:Z9) -> 68 | AD9: =ROW()-1 -> 8 | AE9: =INDEX($B$2:$B$23,MATCH(AD9,$AA$2:$AA$23,0)) -> HAD | AF9: =INDEX($AB$2:$AB$23,MATCH(AD9,$AA$2:$AA$23,0)) -> 68
A10: Pierre Gasly | B10: GAS | C10: =IFERROR(VLOOKUP(MATCH($B10,INDEX('Race Resuts'!$A$2:$W$23,0,MATCH(C$1,'Race Resuts'!$A$1:$W$1,0)),0),'Points Refrence'!$A$2:$B$11,2,FALSE),0) -> 1 | D10: =IFERROR(_xlfn.XLOOKUP(MATCH($B10,INDEX('Race Resuts'!$B$2:$W$23,0,MATCH(D$1,'Race Resuts'!$B$1:$W$1,0)),0),'Points Refrence'!$A$2:$A$11,'Points Refrence'!$B$2:$B$11,0),0)+IFERROR(_xlfn.XLOOKUP(MATCH($B10,INDEX('Sprint Race Results'!$B$2:$G$23,0,MATCH(D$1,'Sprint Race Results'!$B$1:$G$1,0)),0),'Points Refrence'!$D$2:$D$9,'Points Refrence'!$E$2:$E$9,0),0) -> 8 | E10: =IFERROR(VLOOKUP(MATCH($B10,INDEX('Race Resuts'!$A$2:$W$23,0,MATCH(E$1,'Race Resuts'!$A$1:$W$1,0)),0),'Points Refrence'!$A$2:$B$11,2,FALSE),0) -> 6 | F10: =IFERROR(VLOOKUP(MATCH($B10,INDEX('Race Resuts'!$A$2:$W$23,0,MATCH(F$1,'Race Resuts'!$A$1:$W$1,0)),0),'Points Refrence'!$A$2:$B$11,2,FALSE),0) -> 0 | G10: =IFERROR(VLOOKUP(MATCH($B10,INDEX('Race Resuts'!$A$2:$W$23,0,MATCH(G$1,'Race Resuts'!$A$1:$W$1,0)),0),'Points Refrence'!$A$2:$B$11,2,FALSE),0) -> 0 | H10: =IFERROR(VLOOKUP(MATCH($B10,INDEX('Race Resuts'!$B$2:$W$23,0,MATCH(H$1,'Race Resuts'!$B$1:$W$1,0)),0),'Points Refrence'!$A$2:$B$11,2,FALSE),0)+IFERROR(VLOOKUP(MATCH($B10,INDEX('Sprint Race Results'!$B$2:$G$23,0,MATCH(H$1,'Sprint Race Results'!$B$1:$G$1,0)),0),'Points Refrence'!$D$2:$E$9,2,FALSE),0) -> 1 | I10: =IFERROR(VLOOKUP(MATCH($B10,INDEX('Race Resuts'!$B$2:$W$23,0,MATCH(I$1,'Race Resuts'!$B$1:$W$1,0)),0),'Points Refrence'!$A$2:$B$11,2,FALSE),0)+IFERROR(VLOOKUP(MATCH($B10,INDEX('Sprint Race Results'!$B$2:$G$23,0,MATCH(I$1,'Sprint Race Results'!$B$1:$G$1,0)),0),'Points Refrence'!$D$2:$E$9,2,FALSE),0) -> 4 | J10: =IFERROR(VLOOKUP(MATCH($B10,INDEX('Race Resuts'!$A$2:$W$23,0,MATCH(J$1,'Race Resuts'!$A$1:$W$1,0)),0),'Points Refrence'!$A$2:$B$11,2,FALSE),0) -> 15 | K10: =IFERROR(VLOOKUP(MATCH($B10,INDEX('Race Resuts'!$A$2:$W$23,0,MATCH(K$1,'Race Resuts'!$A$1:$W$1,0)),0),'Points Refrence'!$A$2:$B$11,2,FALSE),0) -> 6 | L10: =IFERROR(VLOOKUP(MATCH($B10,INDEX('Race Resuts'!$A$2:$W$23,0,MATCH(L$1,'Race Resuts'!$A$1:$W$1,0)),0),'Points Refrence'!$A$2:$B$11,2,FALSE),0) -> 0 | M10: =IFERROR(VLOOKUP(MATCH($B10,INDEX('Race Resuts'!$B$2:$W$23,0,MATCH(M$1,'Race Resuts'!$B$1:$W$1,0)),0),'Points Refrence'!$A$2:$B$11,2,FALSE),0)+IFERROR(VLOOKUP(MATCH($B10,INDEX('Sprint Race Results'!$B$2:$G$23,0,MATCH(M$1,'Sprint Race Results'!$B$1:$G$1,0)),0),'Points Refrence'!$D$2:$E$9,2,FALSE),0) -> 1 | N10: =IFERROR(VLOOKUP(MATCH($B10,INDEX('Race Resuts'!$A$2:$W$23,0,MATCH(N$1,'Race Resuts'!$A$1:$W$1,0)),0),'Points Refrence'!$A$2:$B$11,2,FALSE),0) -> 0 | O10: =IFERROR(VLOOKUP(MATCH($B10,INDEX('Race Resuts'!$A$2:$W$23,0,MATCH(O$1,'Race Resuts'!$A$1:$W$1,0)),0),'Points Refrence'!$A$2:$B$11,2,FALSE),0) -> 0 | P10: =IFERROR(VLOOKUP(MATCH($B10,INDEX('Race Resuts'!$B$2:$W$23,0,MATCH(P$1,'Race Resuts'!$B$1:$W$1,0)),0),'Points Refrence'!$A$2:$B$11,2,FALSE),0)+IFERROR(VLOOKUP(MATCH($B10,INDEX('Sprint Race Results'!$B$2:$G$23,0,MATCH(P$1,'Sprint Race Results'!$B$1:$G$1,0)),0),'Points Refrence'!$D$2:$E$9,2,FALSE),0) -> 0 | Q10: =IFERROR(VLOOKUP(MATCH($B10,INDEX('Race Resuts'!$A$2:$W$23,0,MATCH(Q$1,'Race Resuts'!$A$1:$W$1,0)),0),'Points Refrence'!$A$2:$B$11,2,FALSE),0) -> 0 | R10: =IFERROR(VLOOKUP(MATCH($B10,INDEX('Race Resuts'!$A$2:$W$23,0,MATCH(R$1,'Race Resuts'!$A$1:$W$1,0)),0),'Points Refrence'!$A$2:$B$11,2,FALSE),0) -> 0 | S10: =IFERROR(VLOOKUP(MATCH($B10,INDEX('Race Resuts'!$A$2:$W$23,0,MATCH(S$1,'Race Resuts'!$A$1:$W$1,0)),0),'Points Refrence'!$A$2:$B$11,2,FALSE),0) -> 0 | T10: =IFERROR(VLOOKUP(MATCH($B10,INDEX('Race Resuts'!$B$2:$W$23,0,MATCH(T$1,'Race Resuts'!$B$1:$W$1,0)),0),'Points Refrence'!$A$2:$B$11,2,FALSE),0)+IFERROR(VLOOKUP(MATCH($B10,INDEX('Sprint Race Results'!$B$2:$G$23,0,MATCH(T$1,'Sprint Race Results'!$B$1:$G$1,0)),0),'Points Refrence'!$D$2:$E$9,2,FALSE),0) -> 0 | U10: =IFERROR(VLOOKUP(MATCH($B10,INDEX('Race Resuts'!$A$2:$W$23,0,MATCH(U$1,'Race Resuts'!$A$1:$W$1,0)),0),'Points Refrence'!$A$2:$B$11,2,FALSE),0) -> 0 | V10: =IFERROR(VLOOKUP(MATCH($B10,INDEX('Race Resuts'!$A$2:$W$23,0,MATCH(V$1,'Race Resuts'!$A$1:$W$1,0)),0),'Points Refrence'!$A$2:$B$11,2,FALSE),0) -> 0 | W10: =IFERROR(VLOOKUP(MATCH($B10,INDEX('Race Resuts'!$A$2:$W$23,0,MATCH(W$1,'Race Resuts'!$A$1:$W$1,0)),0),'Points Refrence'!$A$2:$B$11,2,FALSE),0) -> 0 | X10: =IFERROR(VLOOKUP(MATCH($B10,INDEX('Race Resuts'!$A$2:$W$23,0,MATCH(X$1,'Race Resuts'!$A$1:$W$1,0)),0),'Points Refrence'!$A$2:$B$11,2,FALSE),0) -> 0 | Y10: =IFERROR(VLOOKUP(MATCH($B10,INDEX('Race Resuts'!$A$2:$W$23,0,MATCH(Y$1,'Race Resuts'!$A$1:$W$1,0)),0),'Points Refrence'!$A$2:$B$11,2,FALSE),0) -> 0 | Z10: =IFERROR(VLOOKUP(MATCH($B10,INDEX('Race Resuts'!$A$2:$W$23,0,MATCH(Z$1,'Race Resuts'!$A$1:$W$1,0)),0),'Points Refrence'!$A$2:$B$11,2,FALSE),0) -> 0 | AA10: =RANK(AB10,$AB$2:$AB$23,0)+COUNTIF($AB$2:AB10,AB10)-1 -> 10 | AB10: =SUM(C10:Z10) -> 42 | AD10: =ROW()-1 -> 9 | AE10: =INDEX($B$2:$B$23,MATCH(AD10,$AA$2:$AA$23,0)) -> LAW | AF10: =INDEX($AB$2:$AB$23,MATCH(AD10,$AA$2:$AA$23,0)) -> 43
A11: Franco Colapinto | B11: COL | C11: =IFERROR(VLOOKUP(MATCH($B11,INDEX('Race Resuts'!$A$2:$W$23,0,MATCH(C$1,'Race Resuts'!$A$1:$W$1,0)),0),'Points Refrence'!$A$2:$B$11,2,FALSE),0) -> 0 | D11: =IFERROR(_xlfn.XLOOKUP(MATCH($B11,INDEX('Race Resuts'!$B$2:$W$23,0,MATCH(D$1,'Race Resuts'!$B$1:$W$1,0)),0),'Points Refrence'!$A$2:$A$11,'Points Refrence'!$B$2:$B$11,0),0)+IFERROR(_xlfn.XLOOKUP(MATCH($B11,INDEX('Sprint Race Results'!$B$2:$G$23,0,MATCH(D$1,'Sprint Race Results'!$B$1:$G$1,0)),0),'Points Refrence'!$D$2:$D$9,'Points Refrence'!$E$2:$E$9,0),0) -> 1 | E11: =IFERROR(VLOOKUP(MATCH($B11,INDEX('Race Resuts'!$A$2:$W$23,0,MATCH(E$1,'Race Resuts'!$A$1:$W$1,0)),0),'Points Refrence'!$A$2:$B$11,2,FALSE),0) -> 0 | F11: =IFERROR(VLOOKUP(MATCH($B11,INDEX('Race Resuts'!$A$2:$W$23,0,MATCH(F$1,'Race Resuts'!$A$1:$W$1,0)),0),'Points Refrence'!$A$2:$B$11,2,FALSE),0) -> 0 | G11: =IFERROR(VLOOKUP(MATCH($B11,INDEX('Race Resuts'!$A$2:$W$23,0,MATCH(G$1,'Race Resuts'!$A$1:$W$1,0)),0),'Points Refrence'!$A$2:$B$11,2,FALSE),0) -> 0 | H11: =IFERROR(VLOOKUP(MATCH($B11,INDEX('Race Resuts'!$B$2:$W$23,0,MATCH(H$1,'Race Resuts'!$B$1:$W$1,0)),0),'Points Refrence'!$A$2:$B$11,2,FALSE),0)+IFERROR(VLOOKUP(MATCH($B11,INDEX('Sprint Race Results'!$B$2:$G$23,0,MATCH(H$1,'Sprint Race Results'!$B$1:$G$1,0)),0),'Points Refrence'!$D$2:$E$9,2,FALSE),0) -> 6 | I11: =IFERROR(VLOOKUP(MATCH($B11,INDEX('Race Resuts'!$B$2:$W$23,0,MATCH(I$1,'Race Resuts'!$B$1:$W$1,0)),0),'Points Refrence'!$A$2:$B$11,2,FALSE),0)+IFERROR(VLOOKUP(MATCH($B11,INDEX('Sprint Race Results'!$B$2:$G$23,0,MATCH(I$1,'Sprint Race Results'!$B$1:$G$1,0)),0),'Points Refrence'!$D$2:$E$9,2,FALSE),0) -> 8 | J11: =IFERROR(VLOOKUP(MATCH($B11,INDEX('Race Resuts'!$A$2:$W$23,0,MATCH(J$1,'Race Resuts'!$A$1:$W$1,0)),0),'Points Refrence'!$A$2:$B$11,2,FALSE),0) -> 0 | K11: =IFERROR(VLOOKUP(MATCH($B11,INDEX('Race Resuts'!$A$2:$W$23,0,MATCH(K$1,'Race Resuts'!$A$1:$W$1,0)),0),'Points Refrence'!$A$2:$B$11,2,FALSE),0) -> 1 | L11: =IFERROR(VLOOKUP(MATCH($B11,INDEX('Race Resuts'!$A$2:$W$23,0,MATCH(L$1,'Race Resuts'!$A$1:$W$1,0)),0),'Points Refrence'!$A$2:$B$11,2,FALSE),0) -> 0 | M11: =IFERROR(VLOOKUP(MATCH($B11,INDEX('Race Resuts'!$B$2:$W$23,0,MATCH(M$1,'Race Resuts'!$B$1:$W$1,0)),0),'Points Refrence'!$A$2:$B$11,2,FALSE),0)+IFERROR(VLOOKUP(MATCH($B11,INDEX('Sprint Race Results'!$B$2:$G$23,0,MATCH(M$1,'Sprint Race Results'!$B$1:$G$1,0)),0),'Points Refrence'!$D$2:$E$9,2,FALSE),0) -> 2 | N11: =IFERROR(VLOOKUP(MATCH($B11,INDEX('Race Resuts'!$A$2:$W$23,0,MATCH(N$1,'Race Resuts'!$A$1:$W$1,0)),0),'Points Refrence'!$A$2:$B$11,2,FALSE),0) -> 1 | O11: =IFERROR(VLOOKUP(MATCH($B11,INDEX('Race Resuts'!$A$2:$W$23,0,MATCH(O$1,'Race Resuts'!$A$1:$W$1,0)),0),'Points Refrence'!$A$2:$B$11,2,FALSE),0) -> 0 | P11: =IFERROR(VLOOKUP(MATCH($B11,INDEX('Race Resuts'!$B$2:$W$23,0,MATCH(P$1,'Race Resuts'!$B$1:$W$1,0)),0),'Points Refrence'!$A$2:$B$11,2,FALSE),0)+IFERROR(VLOOKUP(MATCH($B11,INDEX('Sprint Race Results'!$B$2:$G$23,0,MATCH(P$1,'Sprint Race Results'!$B$1:$G$1,0)),0),'Points Refrence'!$D$2:$E$9,2,FALSE),0) -> 0 | Q11: =IFERROR(VLOOKUP(MATCH($B11,INDEX('Race Resuts'!$A$2:$W$23,0,MATCH(Q$1,'Race Resuts'!$A$1:$W$1,0)),0),'Points Refrence'!$A$2:$B$11,2,FALSE),0) -> 0 | R11: =IFERROR(VLOOKUP(MATCH($B11,INDEX('Race Resuts'!$A$2:$W$23,0,MATCH(R$1,'Race Resuts'!$A$1:$W$1,0)),0),'Points Refrence'!$A$2:$B$11,2,FALSE),0) -> 0 | S11: =IFERROR(VLOOKUP(MATCH($B11,INDEX('Race Resuts'!$A$2:$W$23,0,MATCH(S$1,'Race Resuts'!$A$1:$W$1,0)),0),'Points Refrence'!$A$2:$B$11,2,FALSE),0) -> 0 | T11: =IFERROR(VLOOKUP(MATCH($B11,INDEX('Race Resuts'!$B$2:$W$23,0,MATCH(T$1,'Race Resuts'!$B$1:$W$1,0)),0),'Points Refrence'!$A$2:$B$11,2,FALSE),0)+IFERROR(VLOOKUP(MATCH($B11,INDEX('Sprint Race Results'!$B$2:$G$23,0,MATCH(T$1,'Sprint Race Results'!$B$1:$G$1,0)),0),'Points Refrence'!$D$2:$E$9,2,FALSE),0) -> 0 | U11: =IFERROR(VLOOKUP(MATCH($B11,INDEX('Race Resuts'!$A$2:$W$23,0,MATCH(U$1,'Race Resuts'!$A$1:$W$1,0)),0),'Points Refrence'!$A$2:$B$11,2,FALSE),0) -> 0 | V11: =IFERROR(VLOOKUP(MATCH($B11,INDEX('Race Resuts'!$A$2:$W$23,0,MATCH(V$1,'Race Resuts'!$A$1:$W$1,0)),0),'Points Refrence'!$A$2:$B$11,2,FALSE),0) -> 0 | W11: =IFERROR(VLOOKUP(MATCH($B11,INDEX('Race Resuts'!$A$2:$W$23,0,MATCH(W$1,'Race Resuts'!$A$1:$W$1,0)),0),'Points Refrence'!$A$2:$B$11,2,FALSE),0) -> 0 | X11: =IFERROR(VLOOKUP(MATCH($B11,INDEX('Race Resuts'!$A$2:$W$23,0,MATCH(X$1,'Race Resuts'!$A$1:$W$1,0)),0),'Points Refrence'!$A$2:$B$11,2,FALSE),0) -> 0 | Y11: =IFERROR(VLOOKUP(MATCH($B11,INDEX('Race Resuts'!$A$2:$W$23,0,MATCH(Y$1,'Race Resuts'!$A$1:$W$1,0)),0),'Points Refrence'!$A$2:$B$11,2,FALSE),0) -> 0 | Z11: =IFERROR(VLOOKUP(MATCH($B11,INDEX('Race Resuts'!$A$2:$W$23,0,MATCH(Z$1,'Race Resuts'!$A$1:$W$1,0)),0),'Points Refrence'!$A$2:$B$11,2,FALSE),0) -> 0 | AA11: =RANK(AB11,$AB$2:$AB$23,0)+COUNTIF($AB$2:AB11,AB11)-1 -> 12 | AB11: =SUM(C11:Z11) -> 19 | AD11: =ROW()-1 -> 10 | AE11: =INDEX($B$2:$B$23,MATCH(AD11,$AA$2:$AA$23,0)) -> GAS | AF11: =INDEX($AB$2:$AB$23,MATCH(AD11,$AA$2:$AA$23,0)) -> 42
A12: Arvid Lindblad | B12: LIN | C12: =IFERROR(VLOOKUP(MATCH($B12,INDEX('Race Resuts'!$A$2:$W$23,0,MATCH(C$1,'Race Resuts'!$A$1:$W$1,0)),0),'Points Refrence'!$A$2:$B$11,2,FALSE),0) -> 4 | D12: =IFERROR(_xlfn.XLOOKUP(MATCH($B12,INDEX('Race Resuts'!$B$2:$W$23,0,MATCH(D$1,'Race Resuts'!$B$1:$W$1,0)),0),'Points Refrence'!$A$2:$A$11,'Points Refrence'!$B$2:$B$11,0),0)+IFERROR(_xlfn.XLOOKUP(MATCH($B12,INDEX('Sprint Race Results'!$B$2:$G$23,0,MATCH(D$1,'Sprint Race Results'!$B$1:$G$1,0)),0),'Points Refrence'!$D$2:$D$9,'Points Refrence'!$E$2:$E$9,0),0) -> 0 | E12: =IFERROR(VLOOKUP(MATCH($B12,INDEX('Race Resuts'!$A$2:$W$23,0,MATCH(E$1,'Race Resuts'!$A$1:$W$1,0)),0),'Points Refrence'!$A$2:$B$11,2,FALSE),0) -> 0 | F12: =IFERROR(VLOOKUP(MATCH($B12,INDEX('Race Resuts'!$A$2:$W$23,0,MATCH(F$1,'Race Resuts'!$A$1:$W$1,0)),0),'Points Refrence'!$A$2:$B$11,2,FALSE),0) -> 0 | G12: =IFERROR(VLOOKUP(MATCH($B12,INDEX('Race Resuts'!$A$2:$W$23,0,MATCH(G$1,'Race Resuts'!$A$1:$W$1,0)),0),'Points Refrence'!$A$2:$B$11,2,FALSE),0) -> 0 | H12: =IFERROR(VLOOKUP(MATCH($B12,INDEX('Race Resuts'!$B$2:$W$23,0,MATCH(H$1,'Race Resuts'!$B$1:$W$1,0)),0),'Points Refrence'!$A$2:$B$11,2,FALSE),0)+IFERROR(VLOOKUP(MATCH($B12,INDEX('Sprint Race Results'!$B$2:$G$23,0,MATCH(H$1,'Sprint Race Results'!$B$1:$G$1,0)),0),'Points Refrence'!$D$2:$E$9,2,FALSE),0) -> 0 | I12: =IFERROR(VLOOKUP(MATCH($B12,INDEX('Race Resuts'!$B$2:$W$23,0,MATCH(I$1,'Race Resuts'!$B$1:$W$1,0)),0),'Points Refrence'!$A$2:$B$11,2,FALSE),0)+IFERROR(VLOOKUP(MATCH($B12,INDEX('Sprint Race Results'!$B$2:$G$23,0,MATCH(I$1,'Sprint Race Results'!$B$1:$G$1,0)),0),'Points Refrence'!$D$2:$E$9,2,FALSE),0) -> 1 | J12: =IFERROR(VLOOKUP(MATCH($B12,INDEX('Race Resuts'!$A$2:$W$23,0,MATCH(J$1,'Race Resuts'!$A$1:$W$1,0)),0),'Points Refrence'!$A$2:$B$11,2,FALSE),0) -> 6 | K12: =IFERROR(VLOOKUP(MATCH($B12,INDEX('Race Resuts'!$A$2:$W$23,0,MATCH(K$1,'Race Resuts'!$A$1:$W$1,0)),0),'Points Refrence'!$A$2:$B$11,2,FALSE),0) -> 2 | L12: =IFERROR(VLOOKUP(MATCH($B12,INDEX('Race Resuts'!$A$2:$W$23,0,MATCH(L$1,'Race Resuts'!$A$1:$W$1,0)),0),'Points Refrence'!$A$2:$B$11,2,FALSE),0) -> 1 | M12: =IFERROR(VLOOKUP(MATCH($B12,INDEX('Race Resuts'!$B$2:$W$23,0,MATCH(M$1,'Race Resuts'!$B$1:$W$1,0)),0),'Points Refrence'!$A$2:$B$11,2,FALSE),0)+IFERROR(VLOOKUP(MATCH($B12,INDEX('Sprint Race Results'!$B$2:$G$23,0,MATCH(M$1,'Sprint Race Results'!$B$1:$G$1,0)),0),'Points Refrence'!$D$2:$E$9,2,FALSE),0) -> 6 | N12: =IFERROR(VLOOKUP(MATCH($B12,INDEX('Race Resuts'!$A$2:$W$23,0,MATCH(N$1,'Race Resuts'!$A$1:$W$1,0)),0),'Points Refrence'!$A$2:$B$11,2,FALSE),0) -> 2 | O12: =IFERROR(VLOOKUP(MATCH($B12,INDEX('Race Resuts'!$A$2:$W$23,0,MATCH(O$1,'Race Resuts'!$A$1:$W$1,0)),0),'Points Refrence'!$A$2:$B$11,2,FALSE),0) -> 1 | P12: =IFERROR(VLOOKUP(MATCH($B12,INDEX('Race Resuts'!$B$2:$W$23,0,MATCH(P$1,'Race Resuts'!$B$1:$W$1,0)),0),'Points Refrence'!$A$2:$B$11,2,FALSE),0)+IFERROR(VLOOKUP(MATCH($B12,INDEX('Sprint Race Results'!$B$2:$G$23,0,MATCH(P$1,'Sprint Race Results'!$B$1:$G$1,0)),0),'Points Refrence'!$D$2:$E$9,2,FALSE),0) -> 0 | Q12: =IFERROR(VLOOKUP(MATCH($B12,INDEX('Race Resuts'!$A$2:$W$23,0,MATCH(Q$1,'Race Resuts'!$A$1:$W$1,0)),0),'Points Refrence'!$A$2:$B$11,2,FALSE),0) -> 0 | R12: =IFERROR(VLOOKUP(MATCH($B12,INDEX('Race Resuts'!$A$2:$W$23,0,MATCH(R$1,'Race Resuts'!$A$1:$W$1,0)),0),'Points Refrence'!$A$2:$B$11,2,FALSE),0) -> 0 | S12: =IFERROR(VLOOKUP(MATCH($B12,INDEX('Race Resuts'!$A$2:$W$23,0,MATCH(S$1,'Race Resuts'!$A$1:$W$1,0)),0),'Points Refrence'!$A$2:$B$11,2,FALSE),0) -> 0 | T12: =IFERROR(VLOOKUP(MATCH($B12,INDEX('Race Resuts'!$B$2:$W$23,0,MATCH(T$1,'Race Resuts'!$B$1:$W$1,0)),0),'Points Refrence'!$A$2:$B$11,2,FALSE),0)+IFERROR(VLOOKUP(MATCH($B12,INDEX('Sprint Race Results'!$B$2:$G$23,0,MATCH(T$1,'Sprint Race Results'!$B$1:$G$1,0)),0),'Points Refrence'!$D$2:$E$9,2,FALSE),0) -> 0 | U12: =IFERROR(VLOOKUP(MATCH($B12,INDEX('Race Resuts'!$A$2:$W$23,0,MATCH(U$1,'Race Resuts'!$A$1:$W$1,0)),0),'Points Refrence'!$A$2:$B$11,2,FALSE),0) -> 0 | V12: =IFERROR(VLOOKUP(MATCH($B12,INDEX('Race Resuts'!$A$2:$W$23,0,MATCH(V$1,'Race Resuts'!$A$1:$W$1,0)),0),'Points Refrence'!$A$2:$B$11,2,FALSE),0) -> 0 | W12: =IFERROR(VLOOKUP(MATCH($B12,INDEX('Race Resuts'!$A$2:$W$23,0,MATCH(W$1,'Race Resuts'!$A$1:$W$1,0)),0),'Points Refrence'!$A$2:$B$11,2,FALSE),0) -> 0 | X12: =IFERROR(VLOOKUP(MATCH($B12,INDEX('Race Resuts'!$A$2:$W$23,0,MATCH(X$1,'Race Resuts'!$A$1:$W$1,0)),0),'Points Refrence'!$A$2:$B$11,2,FALSE),0) -> 0 | Y12: =IFERROR(VLOOKUP(MATCH($B12,INDEX('Race Resuts'!$A$2:$W$23,0,MATCH(Y$1,'Race Resuts'!$A$1:$W$1,0)),0),'Points Refrence'!$A$2:$B$11,2,FALSE),0) -> 0 | Z12: =IFERROR(VLOOKUP(MATCH($B12,INDEX('Race Resuts'!$A$2:$W$23,0,MATCH(Z$1,'Race Resuts'!$A$1:$W$1,0)),0),'Points Refrence'!$A$2:$B$11,2,FALSE),0) -> 0 | AA12: =RANK(AB12,$AB$2:$AB$23,0)+COUNTIF($AB$2:AB12,AB12)-1 -> 11 | AB12: =SUM(C12:Z12) -> 23 | AD12: =ROW()-1 -> 11 | AE12: =INDEX($B$2:$B$23,MATCH(AD12,$AA$2:$AA$23,0)) -> LIN | AF12: =INDEX($AB$2:$AB$23,MATCH(AD12,$AA$2:$AA$23,0)) -> 23
A13: Liam Lawson | B13: LAW | C13: =IFERROR(VLOOKUP(MATCH($B13,INDEX('Race Resuts'!$A$2:$W$23,0,MATCH(C$1,'Race Resuts'!$A$1:$W$1,0)),0),'Points Refrence'!$A$2:$B$11,2,FALSE),0) -> 0 | D13: =IFERROR(_xlfn.XLOOKUP(MATCH($B13,INDEX('Race Resuts'!$B$2:$W$23,0,MATCH(D$1,'Race Resuts'!$B$1:$W$1,0)),0),'Points Refrence'!$A$2:$A$11,'Points Refrence'!$B$2:$B$11,0),0)+IFERROR(_xlfn.XLOOKUP(MATCH($B13,INDEX('Sprint Race Results'!$B$2:$G$23,0,MATCH(D$1,'Sprint Race Results'!$B$1:$G$1,0)),0),'Points Refrence'!$D$2:$D$9,'Points Refrence'!$E$2:$E$9,0),0) -> 8 | E13: =IFERROR(VLOOKUP(MATCH($B13,INDEX('Race Resuts'!$A$2:$W$23,0,MATCH(E$1,'Race Resuts'!$A$1:$W$1,0)),0),'Points Refrence'!$A$2:$B$11,2,FALSE),0) -> 2 | F13: =IFERROR(VLOOKUP(MATCH($B13,INDEX('Race Resuts'!$A$2:$W$23,0,MATCH(F$1,'Race Resuts'!$A$1:$W$1,0)),0),'Points Refrence'!$A$2:$B$11,2,FALSE),0) -> 0 | G13: =IFERROR(VLOOKUP(MATCH($B13,INDEX('Race Resuts'!$A$2:$W$23,0,MATCH(G$1,'Race Resuts'!$A$1:$W$1,0)),0),'Points Refrence'!$A$2:$B$11,2,FALSE),0) -> 0 | H13: =IFERROR(VLOOKUP(MATCH($B13,INDEX('Race Resuts'!$B$2:$W$23,0,MATCH(H$1,'Race Resuts'!$B$1:$W$1,0)),0),'Points Refrence'!$A$2:$B$11,2,FALSE),0)+IFERROR(VLOOKUP(MATCH($B13,INDEX('Sprint Race Results'!$B$2:$G$23,0,MATCH(H$1,'Sprint Race Results'!$B$1:$G$1,0)),0),'Points Refrence'!$D$2:$E$9,2,FALSE),0) -> 0 | I13: =IFERROR(VLOOKUP(MATCH($B13,INDEX('Race Resuts'!$B$2:$W$23,0,MATCH(I$1,'Race Resuts'!$B$1:$W$1,0)),0),'Points Refrence'!$A$2:$B$11,2,FALSE),0)+IFERROR(VLOOKUP(MATCH($B13,INDEX('Sprint Race Results'!$B$2:$G$23,0,MATCH(I$1,'Sprint Race Results'!$B$1:$G$1,0)),0),'Points Refrence'!$D$2:$E$9,2,FALSE),0) -> 6 | J13: =IFERROR(VLOOKUP(MATCH($B13,INDEX('Race Resuts'!$A$2:$W$23,0,MATCH(J$1,'Race Resuts'!$A$1:$W$1,0)),0),'Points Refrence'!$A$2:$B$11,2,FALSE),0) -> 8 | K13: =IFERROR(VLOOKUP(MATCH($B13,INDEX('Race Resuts'!$A$2:$W$23,0,MATCH(K$1,'Race Resuts'!$A$1:$W$1,0)),0),'Points Refrence'!$A$2:$B$11,2,FALSE),0) -> 4 | L13: =IFERROR(VLOOKUP(MATCH($B13,INDEX('Race Resuts'!$A$2:$W$23,0,MATCH(L$1,'Race Resuts'!$A$1:$W$1,0)),0),'Points Refrence'!$A$2:$B$11,2,FALSE),0) -> 2 | M13: =IFERROR(VLOOKUP(MATCH($B13,INDEX('Race Resuts'!$B$2:$W$23,0,MATCH(M$1,'Race Resuts'!$B$1:$W$1,0)),0),'Points Refrence'!$A$2:$B$11,2,FALSE),0)+IFERROR(VLOOKUP(MATCH($B13,INDEX('Sprint Race Results'!$B$2:$G$23,0,MATCH(M$1,'Sprint Race Results'!$B$1:$G$1,0)),0),'Points Refrence'!$D$2:$E$9,2,FALSE),0) -> 9 | N13: =IFERROR(VLOOKUP(MATCH($B13,INDEX('Race Resuts'!$A$2:$W$23,0,MATCH(N$1,'Race Resuts'!$A$1:$W$1,0)),0),'Points Refrence'!$A$2:$B$11,2,FALSE),0) -> 0 | O13: =IFERROR(VLOOKUP(MATCH($B13,INDEX('Race Resuts'!$A$2:$W$23,0,MATCH(O$1,'Race Resuts'!$A$1:$W$1,0)),0),'Points Refrence'!$A$2:$B$11,2,FALSE),0) -> 4 | P13: =IFERROR(VLOOKUP(MATCH($B13,INDEX('Race Resuts'!$B$2:$W$23,0,MATCH(P$1,'Race Resuts'!$B$1:$W$1,0)),0),'Points Refrence'!$A$2:$B$11,2,FALSE),0)+IFERROR(VLOOKUP(MATCH($B13,INDEX('Sprint Race Results'!$B$2:$G$23,0,MATCH(P$1,'Sprint Race Results'!$B$1:$G$1,0)),0),'Points Refrence'!$D$2:$E$9,2,FALSE),0) -> 0 | Q13: =IFERROR(VLOOKUP(MATCH($B13,INDEX('Race Resuts'!$A$2:$W$23,0,MATCH(Q$1,'Race Resuts'!$A$1:$W$1,0)),0),'Points Refrence'!$A$2:$B$11,2,FALSE),0) -> 0 | R13: =IFERROR(VLOOKUP(MATCH($B13,INDEX('Race Resuts'!$A$2:$W$23,0,MATCH(R$1,'Race Resuts'!$A$1:$W$1,0)),0),'Points Refrence'!$A$2:$B$11,2,FALSE),0) -> 0 | S13: =IFERROR(VLOOKUP(MATCH($B13,INDEX('Race Resuts'!$A$2:$W$23,0,MATCH(S$1,'Race Resuts'!$A$1:$W$1,0)),0),'Points Refrence'!$A$2:$B$11,2,FALSE),0) -> 0 | T13: =IFERROR(VLOOKUP(MATCH($B13,INDEX('Race Resuts'!$B$2:$W$23,0,MATCH(T$1,'Race Resuts'!$B$1:$W$1,0)),0),'Points Refrence'!$A$2:$B$11,2,FALSE),0)+IFERROR(VLOOKUP(MATCH($B13,INDEX('Sprint Race Results'!$B$2:$G$23,0,MATCH(T$1,'Sprint Race Results'!$B$1:$G$1,0)),0),'Points Refrence'!$D$2:$E$9,2,FALSE),0) -> 0 | U13: =IFERROR(VLOOKUP(MATCH($B13,INDEX('Race Resuts'!$A$2:$W$23,0,MATCH(U$1,'Race Resuts'!$A$1:$W$1,0)),0),'Points Refrence'!$A$2:$B$11,2,FALSE),0) -> 0 | V13: =IFERROR(VLOOKUP(MATCH($B13,INDEX('Race Resuts'!$A$2:$W$23,0,MATCH(V$1,'Race Resuts'!$A$1:$W$1,0)),0),'Points Refrence'!$A$2:$B$11,2,FALSE),0) -> 0 | W13: =IFERROR(VLOOKUP(MATCH($B13,INDEX('Race Resuts'!$A$2:$W$23,0,MATCH(W$1,'Race Resuts'!$A$1:$W$1,0)),0),'Points Refrence'!$A$2:$B$11,2,FALSE),0) -> 0 | X13: =IFERROR(VLOOKUP(MATCH($B13,INDEX('Race Resuts'!$A$2:$W$23,0,MATCH(X$1,'Race Resuts'!$A$1:$W$1,0)),0),'Points Refrence'!$A$2:$B$11,2,FALSE),0) -> 0 | Y13: =IFERROR(VLOOKUP(MATCH($B13,INDEX('Race Resuts'!$A$2:$W$23,0,MATCH(Y$1,'Race Resuts'!$A$1:$W$1,0)),0),'Points Refrence'!$A$2:$B$11,2,FALSE),0) -> 0 | Z13: =IFERROR(VLOOKUP(MATCH($B13,INDEX('Race Resuts'!$A$2:$W$23,0,MATCH(Z$1,'Race Resuts'!$A$1:$W$1,0)),0),'Points Refrence'!$A$2:$B$11,2,FALSE),0) -> 0 | AA13: =RANK(AB13,$AB$2:$AB$23,0)+COUNTIF($AB$2:AB13,AB13)-1 -> 9 | AB13: =SUM(C13:Z13) -> 43 | AD13: =ROW()-1 -> 12 | AE13: =INDEX($B$2:$B$23,MATCH(AD13,$AA$2:$AA$23,0)) -> COL | AF13: =INDEX($AB$2:$AB$23,MATCH(AD13,$AA$2:$AA$23,0)) -> 19
A14: Oliver Bearman | B14: BEA | C14: =IFERROR(VLOOKUP(MATCH($B14,INDEX('Race Resuts'!$A$2:$W$23,0,MATCH(C$1,'Race Resuts'!$A$1:$W$1,0)),0),'Points Refrence'!$A$2:$B$11,2,FALSE),0) -> 6 | D14: =IFERROR(_xlfn.XLOOKUP(MATCH($B14,INDEX('Race Resuts'!$B$2:$W$23,0,MATCH(D$1,'Race Resuts'!$B$1:$W$1,0)),0),'Points Refrence'!$A$2:$A$11,'Points Refrence'!$B$2:$B$11,0),0)+IFERROR(_xlfn.XLOOKUP(MATCH($B14,INDEX('Sprint Race Results'!$B$2:$G$23,0,MATCH(D$1,'Sprint Race Results'!$B$1:$G$1,0)),0),'Points Refrence'!$D$2:$D$9,'Points Refrence'!$E$2:$E$9,0),0) -> 11 | E14: =IFERROR(VLOOKUP(MATCH($B14,INDEX('Race Resuts'!$A$2:$W$23,0,MATCH(E$1,'Race Resuts'!$A$1:$W$1,0)),0),'Points Refrence'!$A$2:$B$11,2,FALSE),0) -> 0 | F14: =IFERROR(VLOOKUP(MATCH($B14,INDEX('Race Resuts'!$A$2:$W$23,0,MATCH(F$1,'Race Resuts'!$A$1:$W$1,0)),0),'Points Refrence'!$A$2:$B$11,2,FALSE),0) -> 0 | G14: =IFERROR(VLOOKUP(MATCH($B14,INDEX('Race Resuts'!$A$2:$W$23,0,MATCH(G$1,'Race Resuts'!$A$1:$W$1,0)),0),'Points Refrence'!$A$2:$B$11,2,FALSE),0) -> 0 | H14: =IFERROR(VLOOKUP(MATCH($B14,INDEX('Race Resuts'!$B$2:$W$23,0,MATCH(H$1,'Race Resuts'!$B$1:$W$1,0)),0),'Points Refrence'!$A$2:$B$11,2,FALSE),0)+IFERROR(VLOOKUP(MATCH($B14,INDEX('Sprint Race Results'!$B$2:$G$23,0,MATCH(H$1,'Sprint Race Results'!$B$1:$G$1,0)),0),'Points Refrence'!$D$2:$E$9,2,FALSE),0) -> 0 | I14: =IFERROR(VLOOKUP(MATCH($B14,INDEX('Race Resuts'!$B$2:$W$23,0,MATCH(I$1,'Race Resuts'!$B$1:$W$1,0)),0),'Points Refrence'!$A$2:$B$11,2,FALSE),0)+IFERROR(VLOOKUP(MATCH($B14,INDEX('Sprint Race Results'!$B$2:$G$23,0,MATCH(I$1,'Sprint Race Results'!$B$1:$G$1,0)),0),'Points Refrence'!$D$2:$E$9,2,FALSE),0) -> 1 | J14: =IFERROR(VLOOKUP(MATCH($B14,INDEX('Race Resuts'!$A$2:$W$23,0,MATCH(J$1,'Race Resuts'!$A$1:$W$1,0)),0),'Points Refrence'!$A$2:$B$11,2,FALSE),0) -> 0 | K14: =IFERROR(VLOOKUP(MATCH($B14,INDEX('Race Resuts'!$A$2:$W$23,0,MATCH(K$1,'Race Resuts'!$A$1:$W$1,0)),0),'Points Refrence'!$A$2:$B$11,2,FALSE),0) -> 0 | L14: =IFERROR(VLOOKUP(MATCH($B14,INDEX('Race Resuts'!$A$2:$W$23,0,MATCH(L$1,'Race Resuts'!$A$1:$W$1,0)),0),'Points Refrence'!$A$2:$B$11,2,FALSE),0) -> 0 | M14: =IFERROR(VLOOKUP(MATCH($B14,INDEX('Race Resuts'!$B$2:$W$23,0,MATCH(M$1,'Race Resuts'!$B$1:$W$1,0)),0),'Points Refrence'!$A$2:$B$11,2,FALSE),0)+IFERROR(VLOOKUP(MATCH($B14,INDEX('Sprint Race Results'!$B$2:$G$23,0,MATCH(M$1,'Sprint Race Results'!$B$1:$G$1,0)),0),'Points Refrence'!$D$2:$E$9,2,FALSE),0) -> 0 | N14: =IFERROR(VLOOKUP(MATCH($B14,INDEX('Race Resuts'!$A$2:$W$23,0,MATCH(N$1,'Race Resuts'!$A$1:$W$1,0)),0),'Points Refrence'!$A$2:$B$11,2,FALSE),0) -> 0 | O14: =IFERROR(VLOOKUP(MATCH($B14,INDEX('Race Resuts'!$A$2:$W$23,0,MATCH(O$1,'Race Resuts'!$A$1:$W$1,0)),0),'Points Refrence'!$A$2:$B$11,2,FALSE),0) -> 0 | P14: =IFERROR(VLOOKUP(MATCH($B14,INDEX('Race Resuts'!$B$2:$W$23,0,MATCH(P$1,'Race Resuts'!$B$1:$W$1,0)),0),'Points Refrence'!$A$2:$B$11,2,FALSE),0)+IFERROR(VLOOKUP(MATCH($B14,INDEX('Sprint Race Results'!$B$2:$G$23,0,MATCH(P$1,'Sprint Race Results'!$B$1:$G$1,0)),0),'Points Refrence'!$D$2:$E$9,2,FALSE),0) -> 0 | Q14: =IFERROR(VLOOKUP(MATCH($B14,INDEX('Race Resuts'!$A$2:$W$23,0,MATCH(Q$1,'Race Resuts'!$A$1:$W$1,0)),0),'Points Refrence'!$A$2:$B$11,2,FALSE),0) -> 0 | R14: =IFERROR(VLOOKUP(MATCH($B14,INDEX('Race Resuts'!$A$2:$W$23,0,MATCH(R$1,'Race Resuts'!$A$1:$W$1,0)),0),'Points Refrence'!$A$2:$B$11,2,FALSE),0) -> 0 | S14: =IFERROR(VLOOKUP(MATCH($B14,INDEX('Race Resuts'!$A$2:$W$23,0,MATCH(S$1,'Race Resuts'!$A$1:$W$1,0)),0),'Points Refrence'!$A$2:$B$11,2,FALSE),0) -> 0 | T14: =IFERROR(VLOOKUP(MATCH($B14,INDEX('Race Resuts'!$B$2:$W$23,0,MATCH(T$1,'Race Resuts'!$B$1:$W$1,0)),0),'Points Refrence'!$A$2:$B$11,2,FALSE),0)+IFERROR(VLOOKUP(MATCH($B14,INDEX('Sprint Race Results'!$B$2:$G$23,0,MATCH(T$1,'Sprint Race Results'!$B$1:$G$1,0)),0),'Points Refrence'!$D$2:$E$9,2,FALSE),0) -> 0 | U14: =IFERROR(VLOOKUP(MATCH($B14,INDEX('Race Resuts'!$A$2:$W$23,0,MATCH(U$1,'Race Resuts'!$A$1:$W$1,0)),0),'Points Refrence'!$A$2:$B$11,2,FALSE),0) -> 0 | V14: =IFERROR(VLOOKUP(MATCH($B14,INDEX('Race Resuts'!$A$2:$W$23,0,MATCH(V$1,'Race Resuts'!$A$1:$W$1,0)),0),'Points Refrence'!$A$2:$B$11,2,FALSE),0) -> 0 | W14: =IFERROR(VLOOKUP(MATCH($B14,INDEX('Race Resuts'!$A$2:$W$23,0,MATCH(W$1,'Race Resuts'!$A$1:$W$1,0)),0),'Points Refrence'!$A$2:$B$11,2,FALSE),0) -> 0 | X14: =IFERROR(VLOOKUP(MATCH($B14,INDEX('Race Resuts'!$A$2:$W$23,0,MATCH(X$1,'Race Resuts'!$A$1:$W$1,0)),0),'Points Refrence'!$A$2:$B$11,2,FALSE),0) -> 0 | Y14: =IFERROR(VLOOKUP(MATCH($B14,INDEX('Race Resuts'!$A$2:$W$23,0,MATCH(Y$1,'Race Resuts'!$A$1:$W$1,0)),0),'Points Refrence'!$A$2:$B$11,2,FALSE),0) -> 0 | Z14: =IFERROR(VLOOKUP(MATCH($B14,INDEX('Race Resuts'!$A$2:$W$23,0,MATCH(Z$1,'Race Resuts'!$A$1:$W$1,0)),0),'Points Refrence'!$A$2:$B$11,2,FALSE),0) -> 0 | AA14: =RANK(AB14,$AB$2:$AB$23,0)+COUNTIF($AB$2:AB14,AB14)-1 -> 13 | AB14: =SUM(C14:Z14) -> 18 | AD14: =ROW()-1 -> 13 | AE14: =INDEX($B$2:$B$23,MATCH(AD14,$AA$2:$AA$23,0)) -> BEA | AF14: =INDEX($AB$2:$AB$23,MATCH(AD14,$AA$2:$AA$23,0)) -> 18
... A23: Valtteri Bottas | B23: BOT | C23: =IFERROR(VLOOKUP(MATCH($B23,INDEX('Race Resuts'!$A$2:$W$23,0,MATCH(C$1,'Race Resuts'!$A$1:$W$1,0)),0),'Points Refrence'!$A$2:$B$11,2,FALSE),0) -> 0 | D23: =IFERROR(_xlfn.XLOOKUP(MATCH($B23,INDEX('Race Resuts'!$B$2:$W$23,0,MATCH(D$1,'Race Resuts'!$B$1:$W$1,0)),0),'Points Refrence'!$A$2:$A$11,'Points Refrence'!$B$2:$B$11,0),0)+IFERROR(_xlfn.XLOOKUP(MATCH($B23,INDEX('Sprint Race Results'!$B$2:$G$23,0,MATCH(D$1,'Sprint Race Results'!$B$1:$G$1,0)),0),'Points Refrence'!$D$2:$D$9,'Points Refrence'!$E$2:$E$9,0),0) -> 0 | E23: =IFERROR(VLOOKUP(MATCH($B23,INDEX('Race Resuts'!$A$2:$W$23,0,MATCH(E$1,'Race Resuts'!$A$1:$W$1,0)),0),'Points Refrence'!$A$2:$B$11,2,FALSE),0) -> 0 | F23: =IFERROR(VLOOKUP(MATCH($B23,INDEX('Race Resuts'!$A$2:$W$23,0,MATCH(F$1,'Race Resuts'!$A$1:$W$1,0)),0),'Points Refrence'!$A$2:$B$11,2,FALSE),0) -> 0 | G23: =IFERROR(VLOOKUP(MATCH($B23,INDEX('Race Resuts'!$A$2:$W$23,0,MATCH(G$1,'Race Resuts'!$A$1:$W$1,0)),0),'Points Refrence'!$A$2:$B$11,2,FALSE),0) -> 0 | H23: =IFERROR(VLOOKUP(MATCH($B23,INDEX('Race Resuts'!$B$2:$W$23,0,MATCH(H$1,'Race Resuts'!$B$1:$W$1,0)),0),'Points Refrence'!$A$2:$B$11,2,FALSE),0)+IFERROR(VLOOKUP(MATCH($B23,INDEX('Sprint Race Results'!$B$2:$G$23,0,MATCH(H$1,'Sprint Race Results'!$B$1:$G$1,0)),0),'Points Refrence'!$D$2:$E$9,2,FALSE),0) -> 0 | I23: =IFERROR(VLOOKUP(MATCH($B23,INDEX('Race Resuts'!$B$2:$W$23,0,MATCH(I$1,'Race Resuts'!$B$1:$W$1,0)),0),'Points Refrence'!$A$2:$B$11,2,FALSE),0)+IFERROR(VLOOKUP(MATCH($B23,INDEX('Sprint Race Results'!$B$2:$G$23,0,MATCH(I$1,'Sprint Race Results'!$B$1:$G$1,0)),0),'Points Refrence'!$D$2:$E$9,2,FALSE),0) -> 0 | J23: =IFERROR(VLOOKUP(MATCH($B23,INDEX('Race Resuts'!$A$2:$W$23,0,MATCH(J$1,'Race Resuts'!$A$1:$W$1,0)),0),'Points Refrence'!$A$2:$B$11,2,FALSE),0) -> 0 | K23: =IFERROR(VLOOKUP(MATCH($B23,INDEX('Race Resuts'!$A$2:$W$23,0,MATCH(K$1,'Race Resuts'!$A$1:$W$1,0)),0),'Points Refrence'!$A$2:$B$11,2,FALSE),0) -> 0 | L23: =IFERROR(VLOOKUP(MATCH($B23,INDEX('Race Resuts'!$A$2:$W$23,0,MATCH(L$1,'Race Resuts'!$A$1:$W$1,0)),0),'Points Refrence'!$A$2:$B$11,2,FALSE),0) -> 0 | M23: =IFERROR(VLOOKUP(MATCH($B23,INDEX('Race Resuts'!$B$2:$W$23,0,MATCH(M$1,'Race Resuts'!$B$1:$W$1,0)),0),'Points Refrence'!$A$2:$B$11,2,FALSE),0)+IFERROR(VLOOKUP(MATCH($B23,INDEX('Sprint Race Results'!$B$2:$G$23,0,MATCH(M$1,'Sprint Race Results'!$B$1:$G$1,0)),0),'Points Refrence'!$D$2:$E$9,2,FALSE),0) -> 0 | N23: =IFERROR(VLOOKUP(MATCH($B23,INDEX('Race Resuts'!$A$2:$W$23,0,MATCH(N$1,'Race Resuts'!$A$1:$W$1,0)),0),'Points Refrence'!$A$2:$B$11,2,FALSE),0) -> 0 | O23: =IFERROR(VLOOKUP(MATCH($B23,INDEX('Race Resuts'!$A$2:$W$23,0,MATCH(O$1,'Race Resuts'!$A$1:$W$1,0)),0),'Points Refrence'!$A$2:$B$11,2,FALSE),0) -> 0 | P23: =IFERROR(VLOOKUP(MATCH($B23,INDEX('Race Resuts'!$B$2:$W$23,0,MATCH(P$1,'Race Resuts'!$B$1:$W$1,0)),0),'Points Refrence'!$A$2:$B$11,2,FALSE),0)+IFERROR(VLOOKUP(MATCH($B23,INDEX('Sprint Race Results'!$B$2:$G$23,0,MATCH(P$1,'Sprint Race Results'!$B$1:$G$1,0)),0),'Points Refrence'!$D$2:$E$9,2,FALSE),0) -> 0 | Q23: =IFERROR(VLOOKUP(MATCH($B23,INDEX('Race Resuts'!$A$2:$W$23,0,MATCH(Q$1,'Race Resuts'!$A$1:$W$1,0)),0),'Points Refrence'!$A$2:$B$11,2,FALSE),0) -> 0 | R23: =IFERROR(VLOOKUP(MATCH($B23,INDEX('Race Resuts'!$A$2:$W$23,0,MATCH(R$1,'Race Resuts'!$A$1:$W$1,0)),0),'Points Refrence'!$A$2:$B$11,2,FALSE),0) -> 0 | S23: =IFERROR(VLOOKUP(MATCH($B23,INDEX('Race Resuts'!$A$2:$W$23,0,MATCH(S$1,'Race Resuts'!$A$1:$W$1,0)),0),'Points Refrence'!$A$2:$B$11,2,FALSE),0) -> 0 | T23: =IFERROR(VLOOKUP(MATCH($B23,INDEX('Race Resuts'!$B$2:$W$23,0,MATCH(T$1,'Race Resuts'!$B$1:$W$1,0)),0),'Points Refrence'!$A$2:$B$11,2,FALSE),0)+IFERROR(VLOOKUP(MATCH($B23,INDEX('Sprint Race Results'!$B$2:$G$23,0,MATCH(T$1,'Sprint Race Results'!$B$1:$G$1,0)),0),'Points Refrence'!$D$2:$E$9,2,FALSE),0) -> 0 | U23: =IFERROR(VLOOKUP(MATCH($B23,INDEX('Race Resuts'!$A$2:$W$23,0,MATCH(U$1,'Race Resuts'!$A$1:$W$1,0)),0),'Points Refrence'!$A$2:$B$11,2,FALSE),0) -> 0 | V23: =IFERROR(VLOOKUP(MATCH($B23,INDEX('Race Resuts'!$A$2:$W$23,0,MATCH(V$1,'Race Resuts'!$A$1:$W$1,0)),0),'Points Refrence'!$A$2:$B$11,2,FALSE),0) -> 0 | W23: =IFERROR(VLOOKUP(MATCH($B23,INDEX('Race Resuts'!$A$2:$W$23,0,MATCH(W$1,'Race Resuts'!$A$1:$W$1,0)),0),'Points Refrence'!$A$2:$B$11,2,FALSE),0) -> 0 | X23: =IFERROR(VLOOKUP(MATCH($B23,INDEX('Race Resuts'!$A$2:$W$23,0,MATCH(X$1,'Race Resuts'!$A$1:$W$1,0)),0),'Points Refrence'!$A$2:$B$11,2,FALSE),0) -> 0 | Y23: =IFERROR(VLOOKUP(MATCH($B23,INDEX('Race Resuts'!$A$2:$W$23,0,MATCH(Y$1,'Race Resuts'!$A$1:$W$1,0)),0),'Points Refrence'!$A$2:$B$11,2,FALSE),0) -> 0 | Z23: =IFERROR(VLOOKUP(MATCH($B23,INDEX('Race Resuts'!$A$2:$W$23,0,MATCH(Z$1,'Race Resuts'!$A$1:$W$1,0)),0),'Points Refrence'!$A$2:$B$11,2,FALSE),0) -> 0 | AA23: =RANK(AB23,$AB$2:$AB$23,0)+COUNTIF($AB$2:AB23,AB23)-1 -> 22 | AB23: =SUM(C23:Z23) -> 0 | AD23: =ROW()-1 -> 22 | AE23: =INDEX($B$2:$B$23,MATCH(AD23,$AA$2:$AA$23,0)) -> BOT | AF23: =INDEX($AB$2:$AB$23,MATCH(AD23,$AA$2:$AA$23,0)) -> 0

Sheet Constructors Standings
B1: AUSTRALIA | C1: CHINA | D1: JAPAN | E1: BAHRAIN | F1: SAUDI ARABIA | G1: MIAMI | H1: CANADA | I1: MONACO | J1: BARCELONA | K1: AUSTRIA | L1: GREAT BRITAIN | M1: BELGIUM | N1: HUNGARY | O1: NETHERLANDS | P1: ITALY | Q1: SPAIN (MADRID) | R1: AZERBAIJAN | S1: SINGAPORE | T1: UNITED STATES | U1: MEXICO | V1: BRAZIL | W1: LAS VEGAS | X1: QATAR | Y1: ABU DHABI | Z1: POINTS | AB1: POS | AC1: TEAMS | AD1: POINTS | AF1: F1 Constructors Champion
A2: Mercedes | B2: =IFERROR(INDEX('Drivers'' Standings'!$C:$Z,MATCH("RUS",'Drivers'' Standings'!$B:$B,0),MATCH(B$1,'Drivers'' Standings'!$C$1:$Z$1,0))+INDEX('Drivers'' Standings'!$C:$Z,MATCH("ANT",'Drivers'' Standings'!$B:$B,0),MATCH(B$1,'Drivers'' Standings'!$C$1:$Z$1,0)),0) -> 43 | C2: =IFERROR(INDEX('Drivers'' Standings'!$C:$Z,MATCH("RUS",'Drivers'' Standings'!$B:$B,0),MATCH(C$1,'Drivers'' Standings'!$C$1:$Z$1,0))+INDEX('Drivers'' Standings'!$C:$Z,MATCH("ANT",'Drivers'' Standings'!$B:$B,0),MATCH(C$1,'Drivers'' Standings'!$C$1:$Z$1,0)),0) -> 55 | D2: =IFERROR(INDEX('Drivers'' Standings'!$C:$Z,MATCH("RUS",'Drivers'' Standings'!$B:$B,0),MATCH(D$1,'Drivers'' Standings'!$C$1:$Z$1,0))+INDEX('Drivers'' Standings'!$C:$Z,MATCH("ANT",'Drivers'' Standings'!$B:$B,0),MATCH(D$1,'Drivers'' Standings'!$C$1:$Z$1,0)),0) -> 37 | E2: =IFERROR(INDEX('Drivers'' Standings'!$C:$Z,MATCH("RUS",'Drivers'' Standings'!$B:$B,0),MATCH(E$1,'Drivers'' Standings'!$C$1:$Z$1,0))+INDEX('Drivers'' Standings'!$C:$Z,MATCH("ANT",'Drivers'' Standings'!$B:$B,0),MATCH(E$1,'Drivers'' Standings'!$C$1:$Z$1,0)),0) -> 0 | F2: =IFERROR(INDEX('Drivers'' Standings'!$C:$Z,MATCH("RUS",'Drivers'' Standings'!$B:$B,0),MATCH(F$1,'Drivers'' Standings'!$C$1:$Z$1,0))+INDEX('Drivers'' Standings'!$C:$Z,MATCH("ANT",'Drivers'' Standings'!$B:$B,0),MATCH(F$1,'Drivers'' Standings'!$C$1:$Z$1,0)),0) -> 0 | G2: =IFERROR(INDEX('Drivers'' Standings'!$C:$Z,MATCH("RUS",'Drivers'' Standings'!$B:$B,0),MATCH(G$1,'Drivers'' Standings'!$C$1:$Z$1,0))+INDEX('Drivers'' Standings'!$C:$Z,MATCH("ANT",'Drivers'' Standings'!$B:$B,0),MATCH(G$1,'Drivers'' Standings'!$C$1:$Z$1,0)),0) -> 45 | H2: =IFERROR(INDEX('Drivers'' Standings'!$C:$Z,MATCH("RUS",'Drivers'' Standings'!$B:$B,0),MATCH(H$1,'Drivers'' Standings'!$C$1:$Z$1,0))+INDEX('Drivers'' Standings'!$C:$Z,MATCH("ANT",'Drivers'' Standings'!$B:$B,0),MATCH(H$1,'Drivers'' Standings'!$C$1:$Z$1,0)),0) -> 39 | I2: =IFERROR(INDEX('Drivers'' Standings'!$C:$Z,MATCH("RUS",'Drivers'' Standings'!$B:$B,0),MATCH(I$1,'Drivers'' Standings'!$C$1:$Z$1,0))+INDEX('Drivers'' Standings'!$C:$Z,MATCH("ANT",'Drivers'' Standings'!$B:$B,0),MATCH(I$1,'Drivers'' Standings'!$C$1:$Z$1,0)),0) -> 25 | ... Y2: =IFERROR(INDEX('Drivers'' Standings'!$C:$Z,MATCH("RUS",'Drivers'' Standings'!$B:$B,0),MATCH(Y$1,'Drivers'' Standings'!$C$1:$Z$1,0))+INDEX('Drivers'' Standings'!$C:$Z,MATCH("ANT",'Drivers'' Standings'!$B:$B,0),MATCH(Y$1,'Drivers'' Standings'!$C$1:$Z$1,0)),0) -> 0 | Z2: =SUM(B2:Y2) -> 379 | AB2: =ROW()-1 -> 1 | AC2: {=INDEX($A$2:$A$12,MATCH(LARGE($Z$2:$Z$12+ROW($Z$2:$Z$12)/100000,ROW()-1),$Z$2:$Z$12+ROW($Z$2:$Z$12)/100000,0))} -> Mercedes | AD2: {=INDEX($Z$2:$Z$12,MATCH(LARGE($Z$2:$Z$12+ROW($Z$2:$Z$12)/100000,ROW()-1),$Z$2:$Z$12+ROW($Z$2:$Z$12)/100000,0))} -> 379
A3: Ferrari | B3: =IFERROR(INDEX('Drivers'' Standings'!$C:$Z,MATCH("HAM",'Drivers'' Standings'!$B:$B,0),MATCH(B$1,'Drivers'' Standings'!$C$1:$Z$1,0))+INDEX('Drivers'' Standings'!$C:$Z,MATCH("LEC",'Drivers'' Standings'!$B:$B,0),MATCH(B$1,'Drivers'' Standings'!$C$1:$Z$1,0)),0) -> 27 | C3: =IFERROR(INDEX('Drivers'' Standings'!$C:$Z,MATCH("HAM",'Drivers'' Standings'!$B:$B,0),MATCH(C$1,'Drivers'' Standings'!$C$1:$Z$1,0))+INDEX('Drivers'' Standings'!$C:$Z,MATCH("LEC",'Drivers'' Standings'!$B:$B,0),MATCH(C$1,'Drivers'' Standings'!$C$1:$Z$1,0)),0) -> 40 | D3: =IFERROR(INDEX('Drivers'' Standings'!$C:$Z,MATCH("HAM",'Drivers'' Standings'!$B:$B,0),MATCH(D$1,'Drivers'' Standings'!$C$1:$Z$1,0))+INDEX('Drivers'' Standings'!$C:$Z,MATCH("LEC",'Drivers'' Standings'!$B:$B,0),MATCH(D$1,'Drivers'' Standings'!$C$1:$Z$1,0)),0) -> 23 | E3: =IFERROR(INDEX('Drivers'' Standings'!$C:$Z,MATCH("HAM",'Drivers'' Standings'!$B:$B,0),MATCH(E$1,'Drivers'' Standings'!$C$1:$Z$1,0))+INDEX('Drivers'' Standings'!$C:$Z,MATCH("LEC",'Drivers'' Standings'!$B:$B,0),MATCH(E$1,'Drivers'' Standings'!$C$1:$Z$1,0)),0) -> 0 | F3: =IFERROR(INDEX('Drivers'' Standings'!$C:$Z,MATCH("HAM",'Drivers'' Standings'!$B:$B,0),MATCH(F$1,'Drivers'' Standings'!$C$1:$Z$1,0))+INDEX('Drivers'' Standings'!$C:$Z,MATCH("LEC",'Drivers'' Standings'!$B:$B,0),MATCH(F$1,'Drivers'' Standings'!$C$1:$Z$1,0)),0) -> 0 | G3: =IFERROR(INDEX('Drivers'' Standings'!$C:$Z,MATCH("HAM",'Drivers'' Standings'!$B:$B,0),MATCH(G$1,'Drivers'' Standings'!$C$1:$Z$1,0))+INDEX('Drivers'' Standings'!$C:$Z,MATCH("LEC",'Drivers'' Standings'!$B:$B,0),MATCH(G$1,'Drivers'' Standings'!$C$1:$Z$1,0)),0) -> 20 | H3: =IFERROR(INDEX('Drivers'' Standings'!$C:$Z,MATCH("HAM",'Drivers'' Standings'!$B:$B,0),MATCH(H$1,'Drivers'' Standings'!$C$1:$Z$1,0))+INDEX('Drivers'' Standings'!$C:$Z,MATCH("LEC",'Drivers'' Standings'!$B:$B,0),MATCH(H$1,'Drivers'' Standings'!$C$1:$Z$1,0)),0) -> 37 | I3: =IFERROR(INDEX('Drivers'' Standings'!$C:$Z,MATCH("HAM",'Drivers'' Standings'!$B:$B,0),MATCH(I$1,'Drivers'' Standings'!$C$1:$Z$1,0))+INDEX('Drivers'' Standings'!$C:$Z,MATCH("LEC",'Drivers'' Standings'!$B:$B,0),MATCH(I$1,'Drivers'' Standings'!$C$1:$Z$1,0)),0) -> 18 | ... Y3: =IFERROR(INDEX('Drivers'' Standings'!$C:$Z,MATCH("HAM",'Drivers'' Standings'!$B:$B,0),MATCH(Y$1,'Drivers'' Standings'!$C$1:$Z$1,0))+INDEX('Drivers'' Standings'!$C:$Z,MATCH("LEC",'Drivers'' Standings'!$B:$B,0),MATCH(Y$1,'Drivers'' Standings'!$C$1:$Z$1,0)),0) -> 0 | Z3: =SUM(B3:Y3) -> 307 | AB3: =ROW()-1 -> 2 | AC3: {=INDEX($A$2:$A$12,MATCH(LARGE($Z$2:$Z$12+ROW($Z$2:$Z$12)/100000,ROW()-1),$Z$2:$Z$12+ROW($Z$2:$Z$12)/100000,0))} -> Ferrari | AD3: {=INDEX($Z$2:$Z$12,MATCH(LARGE($Z$2:$Z$12+ROW($Z$2:$Z$12)/100000,ROW()-1),$Z$2:$Z$12+ROW($Z$2:$Z$12)/100000,0))} -> 307
A4: McLaren | B4: =IFERROR(INDEX('Drivers'' Standings'!$C:$Z,MATCH("NOR",'Drivers'' Standings'!$B:$B,0),MATCH(B$1,'Drivers'' Standings'!$C$1:$Z$1,0))+INDEX('Drivers'' Standings'!$C:$Z,MATCH("PIA",'Drivers'' Standings'!$B:$B,0),MATCH(B$1,'Drivers'' Standings'!$C$1:$Z$1,0)),0) -> 10 | C4: =IFERROR(INDEX('Drivers'' Standings'!$C:$Z,MATCH("NOR",'Drivers'' Standings'!$B:$B,0),MATCH(C$1,'Drivers'' Standings'!$C$1:$Z$1,0))+INDEX('Drivers'' Standings'!$C:$Z,MATCH("PIA",'Drivers'' Standings'!$B:$B,0),MATCH(C$1,'Drivers'' Standings'!$C$1:$Z$1,0)),0) -> 8 | D4: =IFERROR(INDEX('Drivers'' Standings'!$C:$Z,MATCH("NOR",'Drivers'' Standings'!$B:$B,0),MATCH(D$1,'Drivers'' Standings'!$C$1:$Z$1,0))+INDEX('Drivers'' Standings'!$C:$Z,MATCH("PIA",'Drivers'' Standings'!$B:$B,0),MATCH(D$1,'Drivers'' Standings'!$C$1:$Z$1,0)),0) -> 28 | E4: =IFERROR(INDEX('Drivers'' Standings'!$C:$Z,MATCH("NOR",'Drivers'' Standings'!$B:$B,0),MATCH(E$1,'Drivers'' Standings'!$C$1:$Z$1,0))+INDEX('Drivers'' Standings'!$C:$Z,MATCH("PIA",'Drivers'' Standings'!$B:$B,0),MATCH(E$1,'Drivers'' Standings'!$C$1:$Z$1,0)),0) -> 0 | F4: =IFERROR(INDEX('Drivers'' Standings'!$C:$Z,MATCH("NOR",'Drivers'' Standings'!$B:$B,0),MATCH(F$1,'Drivers'' Standings'!$C$1:$Z$1,0))+INDEX('Drivers'' Standings'!$C:$Z,MATCH("PIA",'Drivers'' Standings'!$B:$B,0),MATCH(F$1,'Drivers'' Standings'!$C$1:$Z$1,0)),0) -> 0 | G4: =IFERROR(INDEX('Drivers'' Standings'!$C:$Z,MATCH("NOR",'Drivers'' Standings'!$B:$B,0),MATCH(G$1,'Drivers'' Standings'!$C$1:$Z$1,0))+INDEX('Drivers'' Standings'!$C:$Z,MATCH("PIA",'Drivers'' Standings'!$B:$B,0),MATCH(G$1,'Drivers'' Standings'!$C$1:$Z$1,0)),0) -> 48 | H4: =IFERROR(INDEX('Drivers'' Standings'!$C:$Z,MATCH("NOR",'Drivers'' Standings'!$B:$B,0),MATCH(H$1,'Drivers'' Standings'!$C$1:$Z$1,0))+INDEX('Drivers'' Standings'!$C:$Z,MATCH("PIA",'Drivers'' Standings'!$B:$B,0),MATCH(H$1,'Drivers'' Standings'!$C$1:$Z$1,0)),0) -> 12 | I4: =IFERROR(INDEX('Drivers'' Standings'!$C:$Z,MATCH("NOR",'Drivers'' Standings'!$B:$B,0),MATCH(I$1,'Drivers'' Standings'!$C$1:$Z$1,0))+INDEX('Drivers'' Standings'!$C:$Z,MATCH("PIA",'Drivers'' Standings'!$B:$B,0),MATCH(I$1,'Drivers'' Standings'!$C$1:$Z$1,0)),0) -> 10 | ... Y4: =IFERROR(INDEX('Drivers'' Standings'!$C:$Z,MATCH("NOR",'Drivers'' Standings'!$B:$B,0),MATCH(Y$1,'Drivers'' Standings'!$C$1:$Z$1,0))+INDEX('Drivers'' Standings'!$C:$Z,MATCH("PIA",'Drivers'' Standings'!$B:$B,0),MATCH(Y$1,'Drivers'' Standings'!$C$1:$Z$1,0)),0) -> 0 | Z4: =SUM(B4:Y4) -> 220 | AB4: =ROW()-1 -> 3 | AC4: {=INDEX($A$2:$A$12,MATCH(LARGE($Z$2:$Z$12+ROW($Z$2:$Z$12)/100000,ROW()-1),$Z$2:$Z$12+ROW($Z$2:$Z$12)/100000,0))} -> McLaren | AD4: {=INDEX($Z$2:$Z$12,MATCH(LARGE($Z$2:$Z$12+ROW($Z$2:$Z$12)/100000,ROW()-1),$Z$2:$Z$12+ROW($Z$2:$Z$12)/100000,0))} -> 220
A5: Red Bull Racing | B5: =IFERROR(INDEX('Drivers'' Standings'!$C:$Z,MATCH("VER",'Drivers'' Standings'!$B:$B,0),MATCH(B$1,'Drivers'' Standings'!$C$1:$Z$1,0))+INDEX('Drivers'' Standings'!$C:$Z,MATCH("HAD",'Drivers'' Standings'!$B:$B,0),MATCH(B$1,'Drivers'' Standings'!$C$1:$Z$1,0)),0) -> 8 | C5: =IFERROR(INDEX('Drivers'' Standings'!$C:$Z,MATCH("VER",'Drivers'' Standings'!$B:$B,0),MATCH(C$1,'Drivers'' Standings'!$C$1:$Z$1,0))+INDEX('Drivers'' Standings'!$C:$Z,MATCH("HAD",'Drivers'' Standings'!$B:$B,0),MATCH(C$1,'Drivers'' Standings'!$C$1:$Z$1,0)),0) -> 4 | D5: =IFERROR(INDEX('Drivers'' Standings'!$C:$Z,MATCH("VER",'Drivers'' Standings'!$B:$B,0),MATCH(D$1,'Drivers'' Standings'!$C$1:$Z$1,0))+INDEX('Drivers'' Standings'!$C:$Z,MATCH("HAD",'Drivers'' Standings'!$B:$B,0),MATCH(D$1,'Drivers'' Standings'!$C$1:$Z$1,0)),0) -> 4 | E5: =IFERROR(INDEX('Drivers'' Standings'!$C:$Z,MATCH("VER",'Drivers'' Standings'!$B:$B,0),MATCH(E$1,'Drivers'' Standings'!$C$1:$Z$1,0))+INDEX('Drivers'' Standings'!$C:$Z,MATCH("HAD",'Drivers'' Standings'!$B:$B,0),MATCH(E$1,'Drivers'' Standings'!$C$1:$Z$1,0)),0) -> 0 | F5: =IFERROR(INDEX('Drivers'' Standings'!$C:$Z,MATCH("VER",'Drivers'' Standings'!$B:$B,0),MATCH(F$1,'Drivers'' Standings'!$C$1:$Z$1,0))+INDEX('Drivers'' Standings'!$C:$Z,MATCH("HAD",'Drivers'' Standings'!$B:$B,0),MATCH(F$1,'Drivers'' Standings'!$C$1:$Z$1,0)),0) -> 0 | G5: =IFERROR(INDEX('Drivers'' Standings'!$C:$Z,MATCH("VER",'Drivers'' Standings'!$B:$B,0),MATCH(G$1,'Drivers'' Standings'!$C$1:$Z$1,0))+INDEX('Drivers'' Standings'!$C:$Z,MATCH("HAD",'Drivers'' Standings'!$B:$B,0),MATCH(G$1,'Drivers'' Standings'!$C$1:$Z$1,0)),0) -> 14 | H5: =IFERROR(INDEX('Drivers'' Standings'!$C:$Z,MATCH("VER",'Drivers'' Standings'!$B:$B,0),MATCH(H$1,'Drivers'' Standings'!$C$1:$Z$1,0))+INDEX('Drivers'' Standings'!$C:$Z,MATCH("HAD",'Drivers'' Standings'!$B:$B,0),MATCH(H$1,'Drivers'' Standings'!$C$1:$Z$1,0)),0) -> 27 | I5: =IFERROR(INDEX('Drivers'' Standings'!$C:$Z,MATCH("VER",'Drivers'' Standings'!$B:$B,0),MATCH(I$1,'Drivers'' Standings'!$C$1:$Z$1,0))+INDEX('Drivers'' Standings'!$C:$Z,MATCH("HAD",'Drivers'' Standings'!$B:$B,0),MATCH(I$1,'Drivers'' Standings'!$C$1:$Z$1,0)),0) -> 12 | ... Y5: =IFERROR(INDEX('Drivers'' Standings'!$C:$Z,MATCH("VER",'Drivers'' Standings'!$B:$B,0),MATCH(Y$1,'Drivers'' Standings'!$C$1:$Z$1,0))+INDEX('Drivers'' Standings'!$C:$Z,MATCH("HAD",'Drivers'' Standings'!$B:$B,0),MATCH(Y$1,'Drivers'' Standings'!$C$1:$Z$1,0)),0) -> 0 | Z5: =SUM(B5:Y5) -> 177 | AB5: =ROW()-1 -> 4 | AC5: {=INDEX($A$2:$A$12,MATCH(LARGE($Z$2:$Z$12+ROW($Z$2:$Z$12)/100000,ROW()-1),$Z$2:$Z$12+ROW($Z$2:$Z$12)/100000,0))} -> Red Bull Racing | AD5: {=INDEX($Z$2:$Z$12,MATCH(LARGE($Z$2:$Z$12+ROW($Z$2:$Z$12)/100000,ROW()-1),$Z$2:$Z$12+ROW($Z$2:$Z$12)/100000,0))} -> 177
A6: Haas F1 Team | B6: =IFERROR(INDEX('Drivers'' Standings'!$C:$Z,MATCH("OCO",'Drivers'' Standings'!$B:$B,0),MATCH(B$1,'Drivers'' Standings'!$C$1:$Z$1,0))+INDEX('Drivers'' Standings'!$C:$Z,MATCH("BEA",'Drivers'' Standings'!$B:$B,0),MATCH(B$1,'Drivers'' Standings'!$C$1:$Z$1,0)),0) -> 6 | C6: =IFERROR(INDEX('Drivers'' Standings'!$C:$Z,MATCH("OCO",'Drivers'' Standings'!$B:$B,0),MATCH(C$1,'Drivers'' Standings'!$C$1:$Z$1,0))+INDEX('Drivers'' Standings'!$C:$Z,MATCH("BEA",'Drivers'' Standings'!$B:$B,0),MATCH(C$1,'Drivers'' Standings'!$C$1:$Z$1,0)),0) -> 11 | D6: =IFERROR(INDEX('Drivers'' Standings'!$C:$Z,MATCH("OCO",'Drivers'' Standings'!$B:$B,0),MATCH(D$1,'Drivers'' Standings'!$C$1:$Z$1,0))+INDEX('Drivers'' Standings'!$C:$Z,MATCH("BEA",'Drivers'' Standings'!$B:$B,0),MATCH(D$1,'Drivers'' Standings'!$C$1:$Z$1,0)),0) -> 1 | E6: =IFERROR(INDEX('Drivers'' Standings'!$C:$Z,MATCH("OCO",'Drivers'' Standings'!$B:$B,0),MATCH(E$1,'Drivers'' Standings'!$C$1:$Z$1,0))+INDEX('Drivers'' Standings'!$C:$Z,MATCH("BEA",'Drivers'' Standings'!$B:$B,0),MATCH(E$1,'Drivers'' Standings'!$C$1:$Z$1,0)),0) -> 0 | F6: =IFERROR(INDEX('Drivers'' Standings'!$C:$Z,MATCH("OCO",'Drivers'' Standings'!$B:$B,0),MATCH(F$1,'Drivers'' Standings'!$C$1:$Z$1,0))+INDEX('Drivers'' Standings'!$C:$Z,MATCH("BEA",'Drivers'' Standings'!$B:$B,0),MATCH(F$1,'Drivers'' Standings'!$C$1:$Z$1,0)),0) -> 0 | G6: =IFERROR(INDEX('Drivers'' Standings'!$C:$Z,MATCH("OCO",'Drivers'' Standings'!$B:$B,0),MATCH(G$1,'Drivers'' Standings'!$C$1:$Z$1,0))+INDEX('Drivers'' Standings'!$C:$Z,MATCH("BEA",'Drivers'' Standings'!$B:$B,0),MATCH(G$1,'Drivers'' Standings'!$C$1:$Z$1,0)),0) -> 0 | H6: =IFERROR(INDEX('Drivers'' Standings'!$C:$Z,MATCH("OCO",'Drivers'' Standings'!$B:$B,0),MATCH(H$1,'Drivers'' Standings'!$C$1:$Z$1,0))+INDEX('Drivers'' Standings'!$C:$Z,MATCH("BEA",'Drivers'' Standings'!$B:$B,0),MATCH(H$1,'Drivers'' Standings'!$C$1:$Z$1,0)),0) -> 1 | I6: =IFERROR(INDEX('Drivers'' Standings'!$C:$Z,MATCH("OCO",'Drivers'' Standings'!$B:$B,0),MATCH(I$1,'Drivers'' Standings'!$C$1:$Z$1,0))+INDEX('Drivers'' Standings'!$C:$Z,MATCH("BEA",'Drivers'' Standings'!$B:$B,0),MATCH(I$1,'Drivers'' Standings'!$C$1:$Z$1,0)),0) -> 2 | ... Y6: =IFERROR(INDEX('Drivers'' Standings'!$C:$Z,MATCH("OCO",'Drivers'' Standings'!$B:$B,0),MATCH(Y$1,'Drivers'' Standings'!$C$1:$Z$1,0))+INDEX('Drivers'' Standings'!$C:$Z,MATCH("BEA",'Drivers'' Standings'!$B:$B,0),MATCH(Y$1,'Drivers'' Standings'!$C$1:$Z$1,0)),0) -> 0 | Z6: =SUM(B6:Y6) -> 21 | AB6: =ROW()-1 -> 5 | AC6: {=INDEX($A$2:$A$12,MATCH(LARGE($Z$2:$Z$12+ROW($Z$2:$Z$12)/100000,ROW()-1),$Z$2:$Z$12+ROW($Z$2:$Z$12)/100000,0))} -> Racing Bulls | AD6: {=INDEX($Z$2:$Z$12,MATCH(LARGE($Z$2:$Z$12+ROW($Z$2:$Z$12)/100000,ROW()-1),$Z$2:$Z$12+ROW($Z$2:$Z$12)/100000,0))} -> 66
A7: Racing Bulls | B7: =IFERROR(INDEX('Drivers'' Standings'!$C:$Z,MATCH("LAW",'Drivers'' Standings'!$B:$B,0),MATCH(B$1,'Drivers'' Standings'!$C$1:$Z$1,0))+INDEX('Drivers'' Standings'!$C:$Z,MATCH("LIN",'Drivers'' Standings'!$B:$B,0),MATCH(B$1,'Drivers'' Standings'!$C$1:$Z$1,0)),0) -> 4 | C7: =IFERROR(INDEX('Drivers'' Standings'!$C:$Z,MATCH("LAW",'Drivers'' Standings'!$B:$B,0),MATCH(C$1,'Drivers'' Standings'!$C$1:$Z$1,0))+INDEX('Drivers'' Standings'!$C:$Z,MATCH("LIN",'Drivers'' Standings'!$B:$B,0),MATCH(C$1,'Drivers'' Standings'!$C$1:$Z$1,0)),0) -> 8 | D7: =IFERROR(INDEX('Drivers'' Standings'!$C:$Z,MATCH("LAW",'Drivers'' Standings'!$B:$B,0),MATCH(D$1,'Drivers'' Standings'!$C$1:$Z$1,0))+INDEX('Drivers'' Standings'!$C:$Z,MATCH("LIN",'Drivers'' Standings'!$B:$B,0),MATCH(D$1,'Drivers'' Standings'!$C$1:$Z$1,0)),0) -> 2 | E7: =IFERROR(INDEX('Drivers'' Standings'!$C:$Z,MATCH("LAW",'Drivers'' Standings'!$B:$B,0),MATCH(E$1,'Drivers'' Standings'!$C$1:$Z$1,0))+INDEX('Drivers'' Standings'!$C:$Z,MATCH("LIN",'Drivers'' Standings'!$B:$B,0),MATCH(E$1,'Drivers'' Standings'!$C$1:$Z$1,0)),0) -> 0 | F7: =IFERROR(INDEX('Drivers'' Standings'!$C:$Z,MATCH("LAW",'Drivers'' Standings'!$B:$B,0),MATCH(F$1,'Drivers'' Standings'!$C$1:$Z$1,0))+INDEX('Drivers'' Standings'!$C:$Z,MATCH("LIN",'Drivers'' Standings'!$B:$B,0),MATCH(F$1,'Drivers'' Standings'!$C$1:$Z$1,0)),0) -> 0 | G7: =IFERROR(INDEX('Drivers'' Standings'!$C:$Z,MATCH("LAW",'Drivers'' Standings'!$B:$B,0),MATCH(G$1,'Drivers'' Standings'!$C$1:$Z$1,0))+INDEX('Drivers'' Standings'!$C:$Z,MATCH("LIN",'Drivers'' Standings'!$B:$B,0),MATCH(G$1,'Drivers'' Standings'!$C$1:$Z$1,0)),0) -> 0 | H7: =IFERROR(INDEX('Drivers'' Standings'!$C:$Z,MATCH("LAW",'Drivers'' Standings'!$B:$B,0),MATCH(H$1,'Drivers'' Standings'!$C$1:$Z$1,0))+INDEX('Drivers'' Standings'!$C:$Z,MATCH("LIN",'Drivers'' Standings'!$B:$B,0),MATCH(H$1,'Drivers'' Standings'!$C$1:$Z$1,0)),0) -> 7 | I7: =IFERROR(INDEX('Drivers'' Standings'!$C:$Z,MATCH("LAW",'Drivers'' Standings'!$B:$B,0),MATCH(I$1,'Drivers'' Standings'!$C$1:$Z$1,0))+INDEX('Drivers'' Standings'!$C:$Z,MATCH("LIN",'Drivers'' Standings'!$B:$B,0),MATCH(I$1,'Drivers'' Standings'!$C$1:$Z$1,0)),0) -> 14 | ... Y7: =IFERROR(INDEX('Drivers'' Standings'!$C:$Z,MATCH("LAW",'Drivers'' Standings'!$B:$B,0),MATCH(Y$1,'Drivers'' Standings'!$C$1:$Z$1,0))+INDEX('Drivers'' Standings'!$C:$Z,MATCH("LIN",'Drivers'' Standings'!$B:$B,0),MATCH(Y$1,'Drivers'' Standings'!$C$1:$Z$1,0)),0) -> 0 | Z7: =SUM(B7:Y7) -> 66 | AB7: =ROW()-1 -> 6 | AC7: {=INDEX($A$2:$A$12,MATCH(LARGE($Z$2:$Z$12+ROW($Z$2:$Z$12)/100000,ROW()-1),$Z$2:$Z$12+ROW($Z$2:$Z$12)/100000,0))} -> Alpine | AD7: {=INDEX($Z$2:$Z$12,MATCH(LARGE($Z$2:$Z$12+ROW($Z$2:$Z$12)/100000,ROW()-1),$Z$2:$Z$12+ROW($Z$2:$Z$12)/100000,0))} -> 61
A8: Audi | B8: =IFERROR(INDEX('Drivers'' Standings'!$C:$Z,MATCH("HUL",'Drivers'' Standings'!$B:$B,0),MATCH(B$1,'Drivers'' Standings'!$C$1:$Z$1,0))+INDEX('Drivers'' Standings'!$C:$Z,MATCH("BOR",'Drivers'' Standings'!$B:$B,0),MATCH(B$1,'Drivers'' Standings'!$C$1:$Z$1,0)),0) -> 2 | C8: =IFERROR(INDEX('Drivers'' Standings'!$C:$Z,MATCH("HUL",'Drivers'' Standings'!$B:$B,0),MATCH(C$1,'Drivers'' Standings'!$C$1:$Z$1,0))+INDEX('Drivers'' Standings'!$C:$Z,MATCH("BOR",'Drivers'' Standings'!$B:$B,0),MATCH(C$1,'Drivers'' Standings'!$C$1:$Z$1,0)),0) -> 0 | D8: =IFERROR(INDEX('Drivers'' Standings'!$C:$Z,MATCH("HUL",'Drivers'' Standings'!$B:$B,0),MATCH(D$1,'Drivers'' Standings'!$C$1:$Z$1,0))+INDEX('Drivers'' Standings'!$C:$Z,MATCH("BOR",'Drivers'' Standings'!$B:$B,0),MATCH(D$1,'Drivers'' Standings'!$C$1:$Z$1,0)),0) -> 0 | E8: =IFERROR(INDEX('Drivers'' Standings'!$C:$Z,MATCH("HUL",'Drivers'' Standings'!$B:$B,0),MATCH(E$1,'Drivers'' Standings'!$C$1:$Z$1,0))+INDEX('Drivers'' Standings'!$C:$Z,MATCH("BOR",'Drivers'' Standings'!$B:$B,0),MATCH(E$1,'Drivers'' Standings'!$C$1:$Z$1,0)),0) -> 0 | F8: =IFERROR(INDEX('Drivers'' Standings'!$C:$Z,MATCH("HUL",'Drivers'' Standings'!$B:$B,0),MATCH(F$1,'Drivers'' Standings'!$C$1:$Z$1,0))+INDEX('Drivers'' Standings'!$C:$Z,MATCH("BOR",'Drivers'' Standings'!$B:$B,0),MATCH(F$1,'Drivers'' Standings'!$C$1:$Z$1,0)),0) -> 0 | G8: =IFERROR(INDEX('Drivers'' Standings'!$C:$Z,MATCH("HUL",'Drivers'' Standings'!$B:$B,0),MATCH(G$1,'Drivers'' Standings'!$C$1:$Z$1,0))+INDEX('Drivers'' Standings'!$C:$Z,MATCH("BOR",'Drivers'' Standings'!$B:$B,0),MATCH(G$1,'Drivers'' Standings'!$C$1:$Z$1,0)),0) -> 0 | H8: =IFERROR(INDEX('Drivers'' Standings'!$C:$Z,MATCH("HUL",'Drivers'' Standings'!$B:$B,0),MATCH(H$1,'Drivers'' Standings'!$C$1:$Z$1,0))+INDEX('Drivers'' Standings'!$C:$Z,MATCH("BOR",'Drivers'' Standings'!$B:$B,0),MATCH(H$1,'Drivers'' Standings'!$C$1:$Z$1,0)),0) -> 0 | I8: =IFERROR(INDEX('Drivers'' Standings'!$C:$Z,MATCH("HUL",'Drivers'' Standings'!$B:$B,0),MATCH(I$1,'Drivers'' Standings'!$C$1:$Z$1,0))+INDEX('Drivers'' Standings'!$C:$Z,MATCH("BOR",'Drivers'' Standings'!$B:$B,0),MATCH(I$1,'Drivers'' Standings'!$C$1:$Z$1,0)),0) -> 0 | ... Y8: =IFERROR(INDEX('Drivers'' Standings'!$C:$Z,MATCH("HUL",'Drivers'' Standings'!$B:$B,0),MATCH(Y$1,'Drivers'' Standings'!$C$1:$Z$1,0))+INDEX('Drivers'' Standings'!$C:$Z,MATCH("BOR",'Drivers'' Standings'!$B:$B,0),MATCH(Y$1,'Drivers'' Standings'!$C$1:$Z$1,0)),0) -> 0 | Z8: =SUM(B8:Y8) -> 12 | AB8: =ROW()-1 -> 7 | AC8: {=INDEX($A$2:$A$12,MATCH(LARGE($Z$2:$Z$12+ROW($Z$2:$Z$12)/100000,ROW()-1),$Z$2:$Z$12+ROW($Z$2:$Z$12)/100000,0))} -> Haas F1 Team | AD8: {=INDEX($Z$2:$Z$12,MATCH(LARGE($Z$2:$Z$12+ROW($Z$2:$Z$12)/100000,ROW()-1),$Z$2:$Z$12+ROW($Z$2:$Z$12)/100000,0))} -> 21
A9: Alpine | B9: =IFERROR(INDEX('Drivers'' Standings'!$C:$Z,MATCH("GAS",'Drivers'' Standings'!$B:$B,0),MATCH(B$1,'Drivers'' Standings'!$C$1:$Z$1,0))+INDEX('Drivers'' Standings'!$C:$Z,MATCH("COL",'Drivers'' Standings'!$B:$B,0),MATCH(B$1,'Drivers'' Standings'!$C$1:$Z$1,0)),0) -> 1 | C9: =IFERROR(INDEX('Drivers'' Standings'!$C:$Z,MATCH("GAS",'Drivers'' Standings'!$B:$B,0),MATCH(C$1,'Drivers'' Standings'!$C$1:$Z$1,0))+INDEX('Drivers'' Standings'!$C:$Z,MATCH("COL",'Drivers'' Standings'!$B:$B,0),MATCH(C$1,'Drivers'' Standings'!$C$1:$Z$1,0)),0) -> 9 | D9: =IFERROR(INDEX('Drivers'' Standings'!$C:$Z,MATCH("GAS",'Drivers'' Standings'!$B:$B,0),MATCH(D$1,'Drivers'' Standings'!$C$1:$Z$1,0))+INDEX('Drivers'' Standings'!$C:$Z,MATCH("COL",'Drivers'' Standings'!$B:$B,0),MATCH(D$1,'Drivers'' Standings'!$C$1:$Z$1,0)),0) -> 6 | E9: =IFERROR(INDEX('Drivers'' Standings'!$C:$Z,MATCH("GAS",'Drivers'' Standings'!$B:$B,0),MATCH(E$1,'Drivers'' Standings'!$C$1:$Z$1,0))+INDEX('Drivers'' Standings'!$C:$Z,MATCH("COL",'Drivers'' Standings'!$B:$B,0),MATCH(E$1,'Drivers'' Standings'!$C$1:$Z$1,0)),0) -> 0 | F9: =IFERROR(INDEX('Drivers'' Standings'!$C:$Z,MATCH("GAS",'Drivers'' Standings'!$B:$B,0),MATCH(F$1,'Drivers'' Standings'!$C$1:$Z$1,0))+INDEX('Drivers'' Standings'!$C:$Z,MATCH("COL",'Drivers'' Standings'!$B:$B,0),MATCH(F$1,'Drivers'' Standings'!$C$1:$Z$1,0)),0) -> 0 | G9: =IFERROR(INDEX('Drivers'' Standings'!$C:$Z,MATCH("GAS",'Drivers'' Standings'!$B:$B,0),MATCH(G$1,'Drivers'' Standings'!$C$1:$Z$1,0))+INDEX('Drivers'' Standings'!$C:$Z,MATCH("COL",'Drivers'' Standings'!$B:$B,0),MATCH(G$1,'Drivers'' Standings'!$C$1:$Z$1,0)),0) -> 7 | H9: =IFERROR(INDEX('Drivers'' Standings'!$C:$Z,MATCH("GAS",'Drivers'' Standings'!$B:$B,0),MATCH(H$1,'Drivers'' Standings'!$C$1:$Z$1,0))+INDEX('Drivers'' Standings'!$C:$Z,MATCH("COL",'Drivers'' Standings'!$B:$B,0),MATCH(H$1,'Drivers'' Standings'!$C$1:$Z$1,0)),0) -> 12 | I9: =IFERROR(INDEX('Drivers'' Standings'!$C:$Z,MATCH("GAS",'Drivers'' Standings'!$B:$B,0),MATCH(I$1,'Drivers'' Standings'!$C$1:$Z$1,0))+INDEX('Drivers'' Standings'!$C:$Z,MATCH("COL",'Drivers'' Standings'!$B:$B,0),MATCH(I$1,'Drivers'' Standings'!$C$1:$Z$1,0)),0) -> 15 | ... Y9: =IFERROR(INDEX('Drivers'' Standings'!$C:$Z,MATCH("GAS",'Drivers'' Standings'!$B:$B,0),MATCH(Y$1,'Drivers'' Standings'!$C$1:$Z$1,0))+INDEX('Drivers'' Standings'!$C:$Z,MATCH("COL",'Drivers'' Standings'!$B:$B,0),MATCH(Y$1,'Drivers'' Standings'!$C$1:$Z$1,0)),0) -> 0 | Z9: =SUM(B9:Y9) -> 61 | AB9: =ROW()-1 -> 8 | AC9: {=INDEX($A$2:$A$12,MATCH(LARGE($Z$2:$Z$12+ROW($Z$2:$Z$12)/100000,ROW()-1),$Z$2:$Z$12+ROW($Z$2:$Z$12)/100000,0))} -> Audi | AD9: {=INDEX($Z$2:$Z$12,MATCH(LARGE($Z$2:$Z$12+ROW($Z$2:$Z$12)/100000,ROW()-1),$Z$2:$Z$12+ROW($Z$2:$Z$12)/100000,0))} -> 12
A10: Williams | B10: =IFERROR(INDEX('Drivers'' Standings'!$C:$Z,MATCH("SAI",'Drivers'' Standings'!$B:$B,0),MATCH(B$1,'Drivers'' Standings'!$C$1:$Z$1,0))+INDEX('Drivers'' Standings'!$C:$Z,MATCH("ALB",'Drivers'' Standings'!$B:$B,0),MATCH(B$1,'Drivers'' Standings'!$C$1:$Z$1,0)),0) -> 0 | C10: =IFERROR(INDEX('Drivers'' Standings'!$C:$Z,MATCH("SAI",'Drivers'' Standings'!$B:$B,0),MATCH(C$1,'Drivers'' Standings'!$C$1:$Z$1,0))+INDEX('Drivers'' Standings'!$C:$Z,MATCH("ALB",'Drivers'' Standings'!$B:$B,0),MATCH(C$1,'Drivers'' Standings'!$C$1:$Z$1,0)),0) -> 2 | D10: =IFERROR(INDEX('Drivers'' Standings'!$C:$Z,MATCH("SAI",'Drivers'' Standings'!$B:$B,0),MATCH(D$1,'Drivers'' Standings'!$C$1:$Z$1,0))+INDEX('Drivers'' Standings'!$C:$Z,MATCH("ALB",'Drivers'' Standings'!$B:$B,0),MATCH(D$1,'Drivers'' Standings'!$C$1:$Z$1,0)),0) -> 0 | E10: =IFERROR(INDEX('Drivers'' Standings'!$C:$Z,MATCH("SAI",'Drivers'' Standings'!$B:$B,0),MATCH(E$1,'Drivers'' Standings'!$C$1:$Z$1,0))+INDEX('Drivers'' Standings'!$C:$Z,MATCH("ALB",'Drivers'' Standings'!$B:$B,0),MATCH(E$1,'Drivers'' Standings'!$C$1:$Z$1,0)),0) -> 0 | F10: =IFERROR(INDEX('Drivers'' Standings'!$C:$Z,MATCH("SAI",'Drivers'' Standings'!$B:$B,0),MATCH(F$1,'Drivers'' Standings'!$C$1:$Z$1,0))+INDEX('Drivers'' Standings'!$C:$Z,MATCH("ALB",'Drivers'' Standings'!$B:$B,0),MATCH(F$1,'Drivers'' Standings'!$C$1:$Z$1,0)),0) -> 0 | G10: =IFERROR(INDEX('Drivers'' Standings'!$C:$Z,MATCH("SAI",'Drivers'' Standings'!$B:$B,0),MATCH(G$1,'Drivers'' Standings'!$C$1:$Z$1,0))+INDEX('Drivers'' Standings'!$C:$Z,MATCH("ALB",'Drivers'' Standings'!$B:$B,0),MATCH(G$1,'Drivers'' Standings'!$C$1:$Z$1,0)),0) -> 3 | H10: =IFERROR(INDEX('Drivers'' Standings'!$C:$Z,MATCH("SAI",'Drivers'' Standings'!$B:$B,0),MATCH(H$1,'Drivers'' Standings'!$C$1:$Z$1,0))+INDEX('Drivers'' Standings'!$C:$Z,MATCH("ALB",'Drivers'' Standings'!$B:$B,0),MATCH(H$1,'Drivers'' Standings'!$C$1:$Z$1,0)),0) -> 2 | I10: =IFERROR(INDEX('Drivers'' Standings'!$C:$Z,MATCH("SAI",'Drivers'' Standings'!$B:$B,0),MATCH(I$1,'Drivers'' Standings'!$C$1:$Z$1,0))+INDEX('Drivers'' Standings'!$C:$Z,MATCH("ALB",'Drivers'' Standings'!$B:$B,0),MATCH(I$1,'Drivers'' Standings'!$C$1:$Z$1,0)),0) -> 4 | ... Y10: =IFERROR(INDEX('Drivers'' Standings'!$C:$Z,MATCH("SAI",'Drivers'' Standings'!$B:$B,0),MATCH(Y$1,'Drivers'' Standings'!$C$1:$Z$1,0))+INDEX('Drivers'' Standings'!$C:$Z,MATCH("ALB",'Drivers'' Standings'!$B:$B,0),MATCH(Y$1,'Drivers'' Standings'!$C$1:$Z$1,0)),0) -> 0 | Z10: =SUM(B10:Y10) -> 11 | AB10: =ROW()-1 -> 9 | AC10: {=INDEX($A$2:$A$12,MATCH(LARGE($Z$2:$Z$12+ROW($Z$2:$Z$12)/100000,ROW()-1),$Z$2:$Z$12+ROW($Z$2:$Z$12)/100000,0))} -> Williams | AD10: {=INDEX($Z$2:$Z$12,MATCH(LARGE($Z$2:$Z$12+ROW($Z$2:$Z$12)/100000,ROW()-1),$Z$2:$Z$12+ROW($Z$2:$Z$12)/100000,0))} -> 11
A11: Aston Martin | B11: =IFERROR(INDEX('Drivers'' Standings'!$C:$Z,MATCH("ALO",'Drivers'' Standings'!$B:$B,0),MATCH(B$1,'Drivers'' Standings'!$C$1:$Z$1,0))+INDEX('Drivers'' Standings'!$C:$Z,MATCH("STR",'Drivers'' Standings'!$B:$B,0),MATCH(B$1,'Drivers'' Standings'!$C$1:$Z$1,0)),0) -> 0 | C11: =IFERROR(INDEX('Drivers'' Standings'!$C:$Z,MATCH("ALO",'Drivers'' Standings'!$B:$B,0),MATCH(C$1,'Drivers'' Standings'!$C$1:$Z$1,0))+INDEX('Drivers'' Standings'!$C:$Z,MATCH("STR",'Drivers'' Standings'!$B:$B,0),MATCH(C$1,'Drivers'' Standings'!$C$1:$Z$1,0)),0) -> 0 | D11: =IFERROR(INDEX('Drivers'' Standings'!$C:$Z,MATCH("ALO",'Drivers'' Standings'!$B:$B,0),MATCH(D$1,'Drivers'' Standings'!$C$1:$Z$1,0))+INDEX('Drivers'' Standings'!$C:$Z,MATCH("STR",'Drivers'' Standings'!$B:$B,0),MATCH(D$1,'Drivers'' Standings'!$C$1:$Z$1,0)),0) -> 0 | E11: =IFERROR(INDEX('Drivers'' Standings'!$C:$Z,MATCH("ALO",'Drivers'' Standings'!$B:$B,0),MATCH(E$1,'Drivers'' Standings'!$C$1:$Z$1,0))+INDEX('Drivers'' Standings'!$C:$Z,MATCH("STR",'Drivers'' Standings'!$B:$B,0),MATCH(E$1,'Drivers'' Standings'!$C$1:$Z$1,0)),0) -> 0 | F11: =IFERROR(INDEX('Drivers'' Standings'!$C:$Z,MATCH("ALO",'Drivers'' Standings'!$B:$B,0),MATCH(F$1,'Drivers'' Standings'!$C$1:$Z$1,0))+INDEX('Drivers'' Standings'!$C:$Z,MATCH("STR",'Drivers'' Standings'!$B:$B,0),MATCH(F$1,'Drivers'' Standings'!$C$1:$Z$1,0)),0) -> 0 | G11: =IFERROR(INDEX('Drivers'' Standings'!$C:$Z,MATCH("ALO",'Drivers'' Standings'!$B:$B,0),MATCH(G$1,'Drivers'' Standings'!$C$1:$Z$1,0))+INDEX('Drivers'' Standings'!$C:$Z,MATCH("STR",'Drivers'' Standings'!$B:$B,0),MATCH(G$1,'Drivers'' Standings'!$C$1:$Z$1,0)),0) -> 0 | H11: =IFERROR(INDEX('Drivers'' Standings'!$C:$Z,MATCH("ALO",'Drivers'' Standings'!$B:$B,0),MATCH(H$1,'Drivers'' Standings'!$C$1:$Z$1,0))+INDEX('Drivers'' Standings'!$C:$Z,MATCH("STR",'Drivers'' Standings'!$B:$B,0),MATCH(H$1,'Drivers'' Standings'!$C$1:$Z$1,0)),0) -> 0 | I11: =IFERROR(INDEX('Drivers'' Standings'!$C:$Z,MATCH("ALO",'Drivers'' Standings'!$B:$B,0),MATCH(I$1,'Drivers'' Standings'!$C$1:$Z$1,0))+INDEX('Drivers'' Standings'!$C:$Z,MATCH("STR",'Drivers'' Standings'!$B:$B,0),MATCH(I$1,'Drivers'' Standings'!$C$1:$Z$1,0)),0) -> 1 | ... Y11: =IFERROR(INDEX('Drivers'' Standings'!$C:$Z,MATCH("ALO",'Drivers'' Standings'!$B:$B,0),MATCH(Y$1,'Drivers'' Standings'!$C$1:$Z$1,0))+INDEX('Drivers'' Standings'!$C:$Z,MATCH("STR",'Drivers'' Standings'!$B:$B,0),MATCH(Y$1,'Drivers'' Standings'!$C$1:$Z$1,0)),0) -> 0 | Z11: =SUM(B11:Y11) -> 1 | AB11: =ROW()-1 -> 10 | AC11: {=INDEX($A$2:$A$12,MATCH(LARGE($Z$2:$Z$12+ROW($Z$2:$Z$12)/100000,ROW()-1),$Z$2:$Z$12+ROW($Z$2:$Z$12)/100000,0))} -> Aston Martin | AD11: {=INDEX($Z$2:$Z$12,MATCH(LARGE($Z$2:$Z$12+ROW($Z$2:$Z$12)/100000,ROW()-1),$Z$2:$Z$12+ROW($Z$2:$Z$12)/100000,0))} -> 1
A12: Cadillac | B12: =IFERROR(INDEX('Drivers'' Standings'!$C:$Z,MATCH("BOT",'Drivers'' Standings'!$B:$B,0),MATCH(B$1,'Drivers'' Standings'!$C$1:$Z$1,0))+INDEX('Drivers'' Standings'!$C:$Z,MATCH("PER",'Drivers'' Standings'!$B:$B,0),MATCH(B$1,'Drivers'' Standings'!$C$1:$Z$1,0)),0) -> 0 | C12: =IFERROR(INDEX('Drivers'' Standings'!$C:$Z,MATCH("BOT",'Drivers'' Standings'!$B:$B,0),MATCH(C$1,'Drivers'' Standings'!$C$1:$Z$1,0))+INDEX('Drivers'' Standings'!$C:$Z,MATCH("PER",'Drivers'' Standings'!$B:$B,0),MATCH(C$1,'Drivers'' Standings'!$C$1:$Z$1,0)),0) -> 0 | D12: =IFERROR(INDEX('Drivers'' Standings'!$C:$Z,MATCH("BOT",'Drivers'' Standings'!$B:$B,0),MATCH(D$1,'Drivers'' Standings'!$C$1:$Z$1,0))+INDEX('Drivers'' Standings'!$C:$Z,MATCH("PER",'Drivers'' Standings'!$B:$B,0),MATCH(D$1,'Drivers'' Standings'!$C$1:$Z$1,0)),0) -> 0 | E12: =IFERROR(INDEX('Drivers'' Standings'!$C:$Z,MATCH("BOT",'Drivers'' Standings'!$B:$B,0),MATCH(E$1,'Drivers'' Standings'!$C$1:$Z$1,0))+INDEX('Drivers'' Standings'!$C:$Z,MATCH("PER",'Drivers'' Standings'!$B:$B,0),MATCH(E$1,'Drivers'' Standings'!$C$1:$Z$1,0)),0) -> 0 | F12: =IFERROR(INDEX('Drivers'' Standings'!$C:$Z,MATCH("BOT",'Drivers'' Standings'!$B:$B,0),MATCH(F$1,'Drivers'' Standings'!$C$1:$Z$1,0))+INDEX('Drivers'' Standings'!$C:$Z,MATCH("PER",'Drivers'' Standings'!$B:$B,0),MATCH(F$1,'Drivers'' Standings'!$C$1:$Z$1,0)),0) -> 0 | G12: =IFERROR(INDEX('Drivers'' Standings'!$C:$Z,MATCH("BOT",'Drivers'' Standings'!$B:$B,0),MATCH(G$1,'Drivers'' Standings'!$C$1:$Z$1,0))+INDEX('Drivers'' Standings'!$C:$Z,MATCH("PER",'Drivers'' Standings'!$B:$B,0),MATCH(G$1,'Drivers'' Standings'!$C$1:$Z$1,0)),0) -> 0 | H12: =IFERROR(INDEX('Drivers'' Standings'!$C:$Z,MATCH("BOT",'Drivers'' Standings'!$B:$B,0),MATCH(H$1,'Drivers'' Standings'!$C$1:$Z$1,0))+INDEX('Drivers'' Standings'!$C:$Z,MATCH("PER",'Drivers'' Standings'!$B:$B,0),MATCH(H$1,'Drivers'' Standings'!$C$1:$Z$1,0)),0) -> 0 | I12: =IFERROR(INDEX('Drivers'' Standings'!$C:$Z,MATCH("BOT",'Drivers'' Standings'!$B:$B,0),MATCH(I$1,'Drivers'' Standings'!$C$1:$Z$1,0))+INDEX('Drivers'' Standings'!$C:$Z,MATCH("PER",'Drivers'' Standings'!$B:$B,0),MATCH(I$1,'Drivers'' Standings'!$C$1:$Z$1,0)),0) -> 0 | ... Y12: =IFERROR(INDEX('Drivers'' Standings'!$C:$Z,MATCH("BOT",'Drivers'' Standings'!$B:$B,0),MATCH(Y$1,'Drivers'' Standings'!$C$1:$Z$1,0))+INDEX('Drivers'' Standings'!$C:$Z,MATCH("PER",'Drivers'' Standings'!$B:$B,0),MATCH(Y$1,'Drivers'' Standings'!$C$1:$Z$1,0)),0) -> 0 | Z12: =SUM(B12:Y12) -> 0 | AB12: =ROW()-1 -> 11 | AC12: {=INDEX($A$2:$A$12,MATCH(LARGE($Z$2:$Z$12+ROW($Z$2:$Z$12)/100000,ROW()-1),$Z$2:$Z$12+ROW($Z$2:$Z$12)/100000,0))} -> Cadillac | AD12: {=INDEX($Z$2:$Z$12,MATCH(LARGE($Z$2:$Z$12+ROW($Z$2:$Z$12)/100000,ROW()-1),$Z$2:$Z$12+ROW($Z$2:$Z$12)/100000,0))} -> 0

Sheet Race Resuts
B1: AUSTRALIA | C1: CHINA | D1: JAPAN | E1: BAHRAIN | F1: SAUDI ARABIA | G1: MIAMI | H1: CANADA | I1: MONACO | J1: BARCELONA | K1: AUSTRIA | L1: GREAT BRITAIN | M1: BELGIUM | N1: HUNGARY | O1: NETHERLANDS | P1: ITALY | Q1: SPAIN (MADRID) | R1: AZERBAIJAN | S1: SINGAPORE | T1: UNITED STATES | U1: MEXICO | V1: BRAZIL | W1: LAS VEGAS | X1: QATAR | Y1: ABU DHABI
A2: 1 | B2: RUS | C2: ANT | D2: ANT | E2: N/A | F2: N/A | G2: ANT | H2: ANT | I2: ANT | J2: HAM | K2: RUS | L2: LEC | M2: ANT | N2: NOR
A3: 2 | B3: ANT | C3: RUS | D3: PIA | E3: N/A | F3: N/A | G3: NOR | H3: HAM | I3: HAM | J3: RUS | K3: VER | L3: RUS | M3: LEC | N3: VER
A4: 3 | B4: LEC | C4: HAM | D4: LEC | E4: N/A | F4: N/A | G4: PIA | H4: VER | I4: GAS | J4: NOR | K4: ANT | L4: HAM | M4: VER | N4: ANT
A5: 4 | B5: HAM | C5: LEC | D5: RUS | E5: N/A | F5: N/A | G5: RUS | H5: LEC | I5: HAD | J5: VER | K5: PIA | L5: NOR | M5: HAM | N5: LEC
A6: 5 | B6: NOR | C6: BEA | D6: NOR | E6: N/A | F6: N/A | G6: VER | H6: HAD | I6: PIA | J6: PIA | K6: HAM | L6: HAD | M6: PIA | N6: HAM
A7: 6 | B7: VER | C7: GAS | D7: HAM | E7: N/A | F7: N/A | G7: HAM | H7: COL | I7: LAW | J7: HAD | K7: HAD | L7: LAW | M7: HAD | N7: HAD
A8: 7 | B8: BEA | C8: LAW | D8: GAS | E8: N/A | F8: N/A | G8: COL | H8: LAW | I8: LIN | J8: GAS | K8: NOR | L8: LIN | M8: NOR | N8: RUS
A9: 8 | B9: LIN | C9: HAD | D9: VER | E9: N/A | F9: N/A | G9: LEC | H9: GAS | I9: ALB | J9: LAW | K9: LEC | L9: BOR | M9: BOR | N9: LAW
A10: 9 | B10: BOR | C10: SAI | D10: LAW | E10: N/A | F10: N/A | G10: SAI | H10: SAI | I10: OCO | J10: LIN | K10: LAW | L10: COL | M10: LIN | N10: HUL
A11: 10 | B11: GAS | C11: COL | D11: OCO | E11: N/A | F11: N/A | G11: ALB | H11: BEA | I11: ALO | J11: COL | K11: LIN | L11: GAS | M11: COL | N11: LIN
A12: 11 | B12: OCO | C12: HUL | D12: HUL | E12: N/A | F12: N/A | G12: BEA | H12: PIA | I12: OCO | J12: BOR | K12: BOR | L12: PIA | M12: GAS | N12: BOR
A13: 12 | B13: ALB | C13: LIN | D13: HAD | E13: N/A | F13: N/A | G13: BOR | H13: HUL | I13: RUS | J13: SAI | K13: HUL | L13: BEA | M13: LAW | N13: GAS
... A23: 22 | B23: HUL | C23: ALB | D23: BEA | E23: N/A | F23: N/A | G23: HAD | H23: LIN | I23: VER | J23: STR | K23: BOT | L23: HUL | M23: RUS | N23: BOT

Sheet Sprint Race Results
B1: CHINA | C1: MIAMI | D1: CANADA | E1: GREAT BRITAIN | F1: NETHERLANDS | G1: SINGAPORE
A2: 1 | B2: RUS | C2: NOR | D2: RUS | E2: ANT
A3: 2 | B3: LEC | C3: PIA | D3: NOR | E3: HAM
A4: 3 | B4: HAM | C4: LEC | D4: ANT | E4: NOR
A5: 4 | B5: NOR | C5: RUS | D5: PIA | E5: RUS
A6: 5 | B6: ANT | C6: VER | D6: LEC | E6: LEC
A7: 6 | B7: PIA | C7: ANT | D7: HAM | E7: VER
A8: 7 | B8: LAW | C8: HAM | D8: VER | E8: PIA
A9: 8 | B9: BEA | C9: GAS | D9: LIN | E9: LAW
A10: 9 | B10: VER | C10: HAD | D10: COL | E10: HAD
A11: 10 | B11: OCO | C11: COL | D11: SAI | E11: LIN
A12: 11 | B12: GAS | C12: OCO | D12: LAW | E12: GAS
A13: 12 | B13: SAI | C13: BEA | D13: BOR | E13: COL
... A23: 22 | B23: LIN | C23: BOR | D23: ALO | E23: PER
B30: =MATCH("CHINA",'Sprint Race Results'!$B$1:$G$1,0) -> 1

Sheet Dashboard Data
B1: AUSTRALIA | C1: CHINA | D1: JAPAN | E1: BAHRAIN | F1: SAUDI ARABIA | G1: MIAMI | H1: CANADA | I1: MONACO | J1: BARCELONA | K1: AUSTRIA | L1: GREAT BRITAIN | M1: BELGIUM | N1: HUNGARY | O1: NETHERLANDS | P1: ITALY | Q1: SPAIN (MADRID) | R1: AZERBAIJAN | S1: SINGAPORE | T1: UNITED STATES | U1: MEXICO | V1: BRAZIL | W1: LAS VEGAS | X1: QATAR | Y1: ABU DHABI | AB1: ANT | AC1: RUS | AD1: HAM | AE1: LEC | AF1: NOR | BB1: Driver | BC1: Points | BD1: Gap
A2: Kimi Antonelli | B2: ='Drivers'' Standings'!C2 -> 18 | C2: =B2+'Drivers'' Standings'!D2 -> 47 | D2: =C2+'Drivers'' Standings'!E2 -> 72 | E2: =D2+'Drivers'' Standings'!F2 -> 72 | F2: =E2+'Drivers'' Standings'!G2 -> 72 | G2: =F2+'Drivers'' Standings'!H2 -> 100 | H2: =G2+'Drivers'' Standings'!I2 -> 131 | I2: =H2+'Drivers'' Standings'!J2 -> 156 | J2: =I2+'Drivers'' Standings'!K2 -> 156 | ... Y2: =X2+'Drivers'' Standings'!Z2 -> 219 | AB2: George Russell | AC2: Lewis Hamilton | AD2: Charles Leclerc | AE2: Lando Norris | AF2: Kimi Antonelli | BB2: =A2 -> Kimi Antonelli | BC2: =Y2 -> 219 | BD2: =MAX($BC$2:$BC$23)-BC2 -> 0
A3: George Russell | B3: ='Drivers'' Standings'!C3 -> 25 | C3: =B3+'Drivers'' Standings'!D3 -> 51 | D3: =C3+'Drivers'' Standings'!E3 -> 63 | E3: =D3+'Drivers'' Standings'!F3 -> 63 | F3: =E3+'Drivers'' Standings'!G3 -> 63 | G3: =F3+'Drivers'' Standings'!H3 -> 80 | H3: =G3+'Drivers'' Standings'!I3 -> 88 | I3: =H3+'Drivers'' Standings'!J3 -> 88 | J3: =I3+'Drivers'' Standings'!K3 -> 106 | ... Y3: =X3+'Drivers'' Standings'!Z3 -> 160 | BB3: =A3 -> George Russell | BC3: =Y3 -> 160 | BD3: =MAX($BC$2:$BC$23)-BC3 -> 59
A4: Lewis Hamilton | B4: ='Drivers'' Standings'!C4 -> 12 | C4: =B4+'Drivers'' Standings'!D4 -> 33 | D4: =C4+'Drivers'' Standings'!E4 -> 41 | E4: =D4+'Drivers'' Standings'!F4 -> 41 | F4: =E4+'Drivers'' Standings'!G4 -> 41 | G4: =F4+'Drivers'' Standings'!H4 -> 51 | H4: =G4+'Drivers'' Standings'!I4 -> 72 | I4: =H4+'Drivers'' Standings'!J4 -> 90 | J4: =I4+'Drivers'' Standings'!K4 -> 115 | ... Y4: =X4+'Drivers'' Standings'!Z4 -> 169 | AC4: AUSTRALIA | AD4: CHINA | AE4: JAPAN | AF4: BAHRAIN | AG4: SAUDI ARABIA | AH4: MIAMI | AI4: CANADA | AJ4: MONACO | AK4: BARCELONA | AL4: AUSTRIA | AM4: GREAT BRITAIN | AN4: BELGIUM | AO4: HUNGARY | AP4: NETHERLANDS | AQ4: ITALY | AR4: SPAIN (MADRID) | AS4: AZERBAIJAN | AT4: SINGAPORE | AU4: UNITED STATES | AV4: MEXICO | AW4: BRAZIL | AX4: LAS VEGAS | AY4: QATAR | AZ4: ABU DHABI | BB4: =A4 -> Lewis Hamilton | BC4: =Y4 -> 169 | BD4: =MAX($BC$2:$BC$23)-BC4 -> 50
A5: Charles Leclerc | B5: ='Drivers'' Standings'!C5 -> 15 | C5: =B5+'Drivers'' Standings'!D5 -> 34 | D5: =C5+'Drivers'' Standings'!E5 -> 49 | E5: =D5+'Drivers'' Standings'!F5 -> 49 | F5: =E5+'Drivers'' Standings'!G5 -> 49 | G5: =F5+'Drivers'' Standings'!H5 -> 59 | H5: =G5+'Drivers'' Standings'!I5 -> 75 | I5: =H5+'Drivers'' Standings'!J5 -> 75 | J5: =I5+'Drivers'' Standings'!K5 -> 75 | ... Y5: =X5+'Drivers'' Standings'!Z5 -> 138 | AB5: =AB2 -> George Russell | AC5: =IF($AB5="","",INDEX($B$2:$Y$23,MATCH($AB5,$A$2:$A$23,0),MATCH(AC$4,$B$1:$Y$1,0))) -> 25 | AD5: =IF($AB5="","",INDEX($B$2:$Y$23,MATCH($AB5,$A$2:$A$23,0),MATCH(AD$4,$B$1:$Y$1,0))) -> 51 | AE5: =IF($AB5="","",INDEX($B$2:$Y$23,MATCH($AB5,$A$2:$A$23,0),MATCH(AE$4,$B$1:$Y$1,0))) -> 63 | AF5: =IF($AB5="","",INDEX($B$2:$Y$23,MATCH($AB5,$A$2:$A$23,0),MATCH(AF$4,$B$1:$Y$1,0))) -> 63 | AG5: =IF($AB5="","",INDEX($B$2:$Y$23,MATCH($AB5,$A$2:$A$23,0),MATCH(AG$4,$B$1:$Y$1,0))) -> 63 | AH5: =IF($AB5="","",INDEX($B$2:$Y$23,MATCH($AB5,$A$2:$A$23,0),MATCH(AH$4,$B$1:$Y$1,0))) -> 80 | AI5: =IF($AB5="","",INDEX($B$2:$Y$23,MATCH($AB5,$A$2:$A$23,0),MATCH(AI$4,$B$1:$Y$1,0))) -> 88 | AJ5: =IF($AB5="","",INDEX($B$2:$Y$23,MATCH($AB5,$A$2:$A$23,0),MATCH(AJ$4,$B$1:$Y$1,0))) -> 88 | ... AZ5: =IF($AB5="","",INDEX($B$2:$Y$23,MATCH($AB5,$A$2:$A$23,0),MATCH(AZ$4,$B$1:$Y$1,0))) -> 160 | BB5: =A5 -> Charles Leclerc | BC5: =Y5 -> 138 | BD5: =MAX($BC$2:$BC$23)-BC5 -> 81
A6: Lando Norris | B6: ='Drivers'' Standings'!C6 -> 10 | C6: =B6+'Drivers'' Standings'!D6 -> 15 | D6: =C6+'Drivers'' Standings'!E6 -> 25 | E6: =D6+'Drivers'' Standings'!F6 -> 25 | F6: =E6+'Drivers'' Standings'!G6 -> 25 | G6: =F6+'Drivers'' Standings'!H6 -> 51 | H6: =G6+'Drivers'' Standings'!I6 -> 58 | I6: =H6+'Drivers'' Standings'!J6 -> 58 | J6: =I6+'Drivers'' Standings'!K6 -> 73 | ... Y6: =X6+'Drivers'' Standings'!Z6 -> 128 | AB6: =AC2 -> Lewis Hamilton | AC6: =IF($AB6="","",INDEX($B$2:$Y$23,MATCH($AB6,$A$2:$A$23,0),MATCH(AC$4,$B$1:$Y$1,0))) -> 12 | AD6: =IF($AB6="","",INDEX($B$2:$Y$23,MATCH($AB6,$A$2:$A$23,0),MATCH(AD$4,$B$1:$Y$1,0))) -> 33 | AE6: =IF($AB6="","",INDEX($B$2:$Y$23,MATCH($AB6,$A$2:$A$23,0),MATCH(AE$4,$B$1:$Y$1,0))) -> 41 | AF6: =IF($AB6="","",INDEX($B$2:$Y$23,MATCH($AB6,$A$2:$A$23,0),MATCH(AF$4,$B$1:$Y$1,0))) -> 41 | AG6: =IF($AB6="","",INDEX($B$2:$Y$23,MATCH($AB6,$A$2:$A$23,0),MATCH(AG$4,$B$1:$Y$1,0))) -> 41 | AH6: =IF($AB6="","",INDEX($B$2:$Y$23,MATCH($AB6,$A$2:$A$23,0),MATCH(AH$4,$B$1:$Y$1,0))) -> 51 | AI6: =IF($AB6="","",INDEX($B$2:$Y$23,MATCH($AB6,$A$2:$A$23,0),MATCH(AI$4,$B$1:$Y$1,0))) -> 72 | AJ6: =IF($AB6="","",INDEX($B$2:$Y$23,MATCH($AB6,$A$2:$A$23,0),MATCH(AJ$4,$B$1:$Y$1,0))) -> 90 | ... AZ6: =IF($AB6="","",INDEX($B$2:$Y$23,MATCH($AB6,$A$2:$A$23,0),MATCH(AZ$4,$B$1:$Y$1,0))) -> 169 | BB6: =A6 -> Lando Norris | BC6: =Y6 -> 128 | BD6: =MAX($BC$2:$BC$23)-BC6 -> 91
A7: Oscar Piastri | B7: ='Drivers'' Standings'!C7 -> 0 | C7: =B7+'Drivers'' Standings'!D7 -> 3 | D7: =C7+'Drivers'' Standings'!E7 -> 21 | E7: =D7+'Drivers'' Standings'!F7 -> 21 | F7: =E7+'Drivers'' Standings'!G7 -> 21 | G7: =F7+'Drivers'' Standings'!H7 -> 43 | H7: =G7+'Drivers'' Standings'!I7 -> 48 | I7: =H7+'Drivers'' Standings'!J7 -> 58 | J7: =I7+'Drivers'' Standings'!K7 -> 68 | ... Y7: =X7+'Drivers'' Standings'!Z7 -> 92 | AB7: =AD2 -> Charles Leclerc | AC7: =IF($AB7="","",INDEX($B$2:$Y$23,MATCH($AB7,$A$2:$A$23,0),MATCH(AC$4,$B$1:$Y$1,0))) -> 15 | AD7: =IF($AB7="","",INDEX($B$2:$Y$23,MATCH($AB7,$A$2:$A$23,0),MATCH(AD$4,$B$1:$Y$1,0))) -> 34 | AE7: =IF($AB7="","",INDEX($B$2:$Y$23,MATCH($AB7,$A$2:$A$23,0),MATCH(AE$4,$B$1:$Y$1,0))) -> 49 | AF7: =IF($AB7="","",INDEX($B$2:$Y$23,MATCH($AB7,$A$2:$A$23,0),MATCH(AF$4,$B$1:$Y$1,0))) -> 49 | AG7: =IF($AB7="","",INDEX($B$2:$Y$23,MATCH($AB7,$A$2:$A$23,0),MATCH(AG$4,$B$1:$Y$1,0))) -> 49 | AH7: =IF($AB7="","",INDEX($B$2:$Y$23,MATCH($AB7,$A$2:$A$23,0),MATCH(AH$4,$B$1:$Y$1,0))) -> 59 | AI7: =IF($AB7="","",INDEX($B$2:$Y$23,MATCH($AB7,$A$2:$A$23,0),MATCH(AI$4,$B$1:$Y$1,0))) -> 75 | AJ7: =IF($AB7="","",INDEX($B$2:$Y$23,MATCH($AB7,$A$2:$A$23,0),MATCH(AJ$4,$B$1:$Y$1,0))) -> 75 | ... AZ7: =IF($AB7="","",INDEX($B$2:$Y$23,MATCH($AB7,$A$2:$A$23,0),MATCH(AZ$4,$B$1:$Y$1,0))) -> 138 | BB7: =A7 -> Oscar Piastri | BC7: =Y7 -> 92 | BD7: =MAX($BC$2:$BC$23)-BC7 -> 127
A8: Max Verstappen | B8: ='Drivers'' Standings'!C8 -> 8 | C8: =B8+'Drivers'' Standings'!D8 -> 8 | D8: =C8+'Drivers'' Standings'!E8 -> 12 | E8: =D8+'Drivers'' Standings'!F8 -> 12 | F8: =E8+'Drivers'' Standings'!G8 -> 12 | G8: =F8+'Drivers'' Standings'!H8 -> 26 | H8: =G8+'Drivers'' Standings'!I8 -> 43 | I8: =H8+'Drivers'' Standings'!J8 -> 43 | J8: =I8+'Drivers'' Standings'!K8 -> 55 | ... Y8: =X8+'Drivers'' Standings'!Z8 -> 109 | AB8: =AE2 -> Lando Norris | AC8: =IF($AB8="","",INDEX($B$2:$Y$23,MATCH($AB8,$A$2:$A$23,0),MATCH(AC$4,$B$1:$Y$1,0))) -> 10 | AD8: =IF($AB8="","",INDEX($B$2:$Y$23,MATCH($AB8,$A$2:$A$23,0),MATCH(AD$4,$B$1:$Y$1,0))) -> 15 | AE8: =IF($AB8="","",INDEX($B$2:$Y$23,MATCH($AB8,$A$2:$A$23,0),MATCH(AE$4,$B$1:$Y$1,0))) -> 25 | AF8: =IF($AB8="","",INDEX($B$2:$Y$23,MATCH($AB8,$A$2:$A$23,0),MATCH(AF$4,$B$1:$Y$1,0))) -> 25 | AG8: =IF($AB8="","",INDEX($B$2:$Y$23,MATCH($AB8,$A$2:$A$23,0),MATCH(AG$4,$B$1:$Y$1,0))) -> 25 | AH8: =IF($AB8="","",INDEX($B$2:$Y$23,MATCH($AB8,$A$2:$A$23,0),MATCH(AH$4,$B$1:$Y$1,0))) -> 51 | AI8: =IF($AB8="","",INDEX($B$2:$Y$23,MATCH($AB8,$A$2:$A$23,0),MATCH(AI$4,$B$1:$Y$1,0))) -> 58 | AJ8: =IF($AB8="","",INDEX($B$2:$Y$23,MATCH($AB8,$A$2:$A$23,0),MATCH(AJ$4,$B$1:$Y$1,0))) -> 58 | ... AZ8: =IF($AB8="","",INDEX($B$2:$Y$23,MATCH($AB8,$A$2:$A$23,0),MATCH(AZ$4,$B$1:$Y$1,0))) -> 128 | BB8: =A8 -> Max Verstappen | BC8: =Y8 -> 109 | BD8: =MAX($BC$2:$BC$23)-BC8 -> 110
A9: Isack Hadjar | B9: ='Drivers'' Standings'!C9 -> 0 | C9: =B9+'Drivers'' Standings'!D9 -> 4 | D9: =C9+'Drivers'' Standings'!E9 -> 4 | E9: =D9+'Drivers'' Standings'!F9 -> 4 | F9: =E9+'Drivers'' Standings'!G9 -> 4 | G9: =F9+'Drivers'' Standings'!H9 -> 4 | H9: =G9+'Drivers'' Standings'!I9 -> 14 | I9: =H9+'Drivers'' Standings'!J9 -> 26 | J9: =I9+'Drivers'' Standings'!K9 -> 34 | ... Y9: =X9+'Drivers'' Standings'!Z9 -> 68 | AB9: =AF2 -> Kimi Antonelli | AC9: =IF($AB9="","",INDEX($B$2:$Y$23,MATCH($AB9,$A$2:$A$23,0),MATCH(AC$4,$B$1:$Y$1,0))) -> 18 | AD9: =IF($AB9="","",INDEX($B$2:$Y$23,MATCH($AB9,$A$2:$A$23,0),MATCH(AD$4,$B$1:$Y$1,0))) -> 47 | AE9: =IF($AB9="","",INDEX($B$2:$Y$23,MATCH($AB9,$A$2:$A$23,0),MATCH(AE$4,$B$1:$Y$1,0))) -> 72 | AF9: =IF($AB9="","",INDEX($B$2:$Y$23,MATCH($AB9,$A$2:$A$23,0),MATCH(AF$4,$B$1:$Y$1,0))) -> 72 | AG9: =IF($AB9="","",INDEX($B$2:$Y$23,MATCH($AB9,$A$2:$A$23,0),MATCH(AG$4,$B$1:$Y$1,0))) -> 72 | AH9: =IF($AB9="","",INDEX($B$2:$Y$23,MATCH($AB9,$A$2:$A$23,0),MATCH(AH$4,$B$1:$Y$1,0))) -> 100 | AI9: =IF($AB9="","",INDEX($B$2:$Y$23,MATCH($AB9,$A$2:$A$23,0),MATCH(AI$4,$B$1:$Y$1,0))) -> 131 | AJ9: =IF($AB9="","",INDEX($B$2:$Y$23,MATCH($AB9,$A$2:$A$23,0),MATCH(AJ$4,$B$1:$Y$1,0))) -> 156 | ... AZ9: =IF($AB9="","",INDEX($B$2:$Y$23,MATCH($AB9,$A$2:$A$23,0),MATCH(AZ$4,$B$1:$Y$1,0))) -> 219 | BB9: =A9 -> Isack Hadjar | BC9: =Y9 -> 68 | BD9: =MAX($BC$2:$BC$23)-BC9 -> 151
A10: Pierre Gasly | B10: ='Drivers'' Standings'!C10 -> 1 | C10: =B10+'Drivers'' Standings'!D10 -> 9 | D10: =C10+'Drivers'' Standings'!E10 -> 15 | E10: =D10+'Drivers'' Standings'!F10 -> 15 | F10: =E10+'Drivers'' Standings'!G10 -> 15 | G10: =F10+'Drivers'' Standings'!H10 -> 16 | H10: =G10+'Drivers'' Standings'!I10 -> 20 | I10: =H10+'Drivers'' Standings'!J10 -> 35 | J10: =I10+'Drivers'' Standings'!K10 -> 41 | ... Y10: =X10+'Drivers'' Standings'!Z10 -> 42 | BB10: =A10 -> Pierre Gasly | BC10: =Y10 -> 42 | BD10: =MAX($BC$2:$BC$23)-BC10 -> 177
A11: Franco Colapinto | B11: ='Drivers'' Standings'!C11 -> 0 | C11: =B11+'Drivers'' Standings'!D11 -> 1 | D11: =C11+'Drivers'' Standings'!E11 -> 1 | E11: =D11+'Drivers'' Standings'!F11 -> 1 | F11: =E11+'Drivers'' Standings'!G11 -> 1 | G11: =F11+'Drivers'' Standings'!H11 -> 7 | H11: =G11+'Drivers'' Standings'!I11 -> 15 | I11: =H11+'Drivers'' Standings'!J11 -> 15 | J11: =I11+'Drivers'' Standings'!K11 -> 16 | ... Y11: =X11+'Drivers'' Standings'!Z11 -> 19 | BB11: =A11 -> Franco Colapinto | BC11: =Y11 -> 19 | BD11: =MAX($BC$2:$BC$23)-BC11 -> 200
A12: Arvid Lindblad | B12: ='Drivers'' Standings'!C12 -> 4 | C12: =B12+'Drivers'' Standings'!D12 -> 4 | D12: =C12+'Drivers'' Standings'!E12 -> 4 | E12: =D12+'Drivers'' Standings'!F12 -> 4 | F12: =E12+'Drivers'' Standings'!G12 -> 4 | G12: =F12+'Drivers'' Standings'!H12 -> 4 | H12: =G12+'Drivers'' Standings'!I12 -> 5 | I12: =H12+'Drivers'' Standings'!J12 -> 11 | J12: =I12+'Drivers'' Standings'!K12 -> 13 | ... Y12: =X12+'Drivers'' Standings'!Z12 -> 23 | BB12: =A12 -> Arvid Lindblad | BC12: =Y12 -> 23 | BD12: =MAX($BC$2:$BC$23)-BC12 -> 196
A13: Liam Lawson | B13: ='Drivers'' Standings'!C13 -> 0 | C13: =B13+'Drivers'' Standings'!D13 -> 8 | D13: =C13+'Drivers'' Standings'!E13 -> 10 | E13: =D13+'Drivers'' Standings'!F13 -> 10 | F13: =E13+'Drivers'' Standings'!G13 -> 10 | G13: =F13+'Drivers'' Standings'!H13 -> 10 | H13: =G13+'Drivers'' Standings'!I13 -> 16 | I13: =H13+'Drivers'' Standings'!J13 -> 24 | J13: =I13+'Drivers'' Standings'!K13 -> 28 | ... Y13: =X13+'Drivers'' Standings'!Z13 -> 43 | BB13: =A13 -> Liam Lawson | BC13: =Y13 -> 43 | BD13: =MAX($BC$2:$BC$23)-BC13 -> 176
A14: Oliver Bearman | B14: ='Drivers'' Standings'!C14 -> 6 | C14: =B14+'Drivers'' Standings'!D14 -> 17 | D14: =C14+'Drivers'' Standings'!E14 -> 17 | E14: =D14+'Drivers'' Standings'!F14 -> 17 | F14: =E14+'Drivers'' Standings'!G14 -> 17 | G14: =F14+'Drivers'' Standings'!H14 -> 17 | H14: =G14+'Drivers'' Standings'!I14 -> 18 | I14: =H14+'Drivers'' Standings'!J14 -> 18 | J14: =I14+'Drivers'' Standings'!K14 -> 18 | ... Y14: =X14+'Drivers'' Standings'!Z14 -> 18 | BB14: =A14 -> Oliver Bearman | BC14: =Y14 -> 18 | BD14: =MAX($BC$2:$BC$23)-BC14 -> 201
A15: Esteban Ocon | B15: ='Drivers'' Standings'!C15 -> 0 | C15: =B15+'Drivers'' Standings'!D15 -> 0 | D15: =C15+'Drivers'' Standings'!E15 -> 1 | E15: =D15+'Drivers'' Standings'!F15 -> 1 | F15: =E15+'Drivers'' Standings'!G15 -> 1 | G15: =F15+'Drivers'' Standings'!H15 -> 1 | H15: =G15+'Drivers'' Standings'!I15 -> 1 | I15: =H15+'Drivers'' Standings'!J15 -> 3 | J15: =I15+'Drivers'' Standings'!K15 -> 3 | ... Y15: =X15+'Drivers'' Standings'!Z15 -> 3 | BB15: =A15 -> Esteban Ocon | BC15: =Y15 -> 3 | BD15: =MAX($BC$2:$BC$23)-BC15 -> 216
A16: Nico Hulkenberg | B16: ='Drivers'' Standings'!C16 -> 0 | C16: =B16+'Drivers'' Standings'!D16 -> 0 | D16: =C16+'Drivers'' Standings'!E16 -> 0 | E16: =D16+'Drivers'' Standings'!F16 -> 0 | F16: =E16+'Drivers'' Standings'!G16 -> 0 | G16: =F16+'Drivers'' Standings'!H16 -> 0 | H16: =G16+'Drivers'' Standings'!I16 -> 0 | I16: =H16+'Drivers'' Standings'!J16 -> 0 | J16: =I16+'Drivers'' Standings'!K16 -> 0 | ... Y16: =X16+'Drivers'' Standings'!Z16 -> 2 | BB16: =A16 -> Nico Hulkenberg | BC16: =Y16 -> 2 | BD16: =MAX($BC$2:$BC$23)-BC16 -> 217
A17: Gabriel Bortoleto | B17: ='Drivers'' Standings'!C17 -> 2 | C17: =B17+'Drivers'' Standings'!D17 -> 2 | D17: =C17+'Drivers'' Standings'!E17 -> 2 | E17: =D17+'Drivers'' Standings'!F17 -> 2 | F17: =E17+'Drivers'' Standings'!G17 -> 2 | G17: =F17+'Drivers'' Standings'!H17 -> 2 | H17: =G17+'Drivers'' Standings'!I17 -> 2 | I17: =H17+'Drivers'' Standings'!J17 -> 2 | J17: =I17+'Drivers'' Standings'!K17 -> 2 | ... Y17: =X17+'Drivers'' Standings'!Z17 -> 10 | BB17: =A17 -> Gabriel Bortoleto | BC17: =Y17 -> 10 | BD17: =MAX($BC$2:$BC$23)-BC17 -> 209
A18: Alexander Albon | B18: ='Drivers'' Standings'!C18 -> 0 | C18: =B18+'Drivers'' Standings'!D18 -> 0 | D18: =C18+'Drivers'' Standings'!E18 -> 0 | E18: =D18+'Drivers'' Standings'!F18 -> 0 | F18: =E18+'Drivers'' Standings'!G18 -> 0 | G18: =F18+'Drivers'' Standings'!H18 -> 1 | H18: =G18+'Drivers'' Standings'!I18 -> 1 | I18: =H18+'Drivers'' Standings'!J18 -> 5 | J18: =I18+'Drivers'' Standings'!K18 -> 5 | ... Y18: =X18+'Drivers'' Standings'!Z18 -> 5 | BB18: =A18 -> Alexander Albon | BC18: =Y18 -> 5 | BD18: =MAX($BC$2:$BC$23)-BC18 -> 214
A19: Carlos Sainz | B19: ='Drivers'' Standings'!C19 -> 0 | C19: =B19+'Drivers'' Standings'!D19 -> 2 | D19: =C19+'Drivers'' Standings'!E19 -> 2 | E19: =D19+'Drivers'' Standings'!F19 -> 2 | F19: =E19+'Drivers'' Standings'!G19 -> 2 | G19: =F19+'Drivers'' Standings'!H19 -> 4 | H19: =G19+'Drivers'' Standings'!I19 -> 6 | I19: =H19+'Drivers'' Standings'!J19 -> 6 | J19: =I19+'Drivers'' Standings'!K19 -> 6 | ... Y19: =X19+'Drivers'' Standings'!Z19 -> 6 | BB19: =A19 -> Carlos Sainz | BC19: =Y19 -> 6 | BD19: =MAX($BC$2:$BC$23)-BC19 -> 213
A20: Fernando Alonso | B20: ='Drivers'' Standings'!C20 -> 0 | C20: =B20+'Drivers'' Standings'!D20 -> 0 | D20: =C20+'Drivers'' Standings'!E20 -> 0 | E20: =D20+'Drivers'' Standings'!F20 -> 0 | F20: =E20+'Drivers'' Standings'!G20 -> 0 | G20: =F20+'Drivers'' Standings'!H20 -> 0 | H20: =G20+'Drivers'' Standings'!I20 -> 0 | I20: =H20+'Drivers'' Standings'!J20 -> 1 | J20: =I20+'Drivers'' Standings'!K20 -> 1 | ... Y20: =X20+'Drivers'' Standings'!Z20 -> 1 | BB20: =A20 -> Fernando Alonso | BC20: =Y20 -> 1 | BD20: =MAX($BC$2:$BC$23)-BC20 -> 218
A21: Lance Stroll | B21: ='Drivers'' Standings'!C21 -> 0 | C21: =B21+'Drivers'' Standings'!D21 -> 0 | D21: =C21+'Drivers'' Standings'!E21 -> 0 | E21: =D21+'Drivers'' Standings'!F21 -> 0 | F21: =E21+'Drivers'' Standings'!G21 -> 0 | G21: =F21+'Drivers'' Standings'!H21 -> 0 | H21: =G21+'Drivers'' Standings'!I21 -> 0 | I21: =H21+'Drivers'' Standings'!J21 -> 0 | J21: =I21+'Drivers'' Standings'!K21 -> 0 | ... Y21: =X21+'Drivers'' Standings'!Z21 -> 0 | BB21: =A21 -> Lance Stroll | BC21: =Y21 -> 0 | BD21: =MAX($BC$2:$BC$23)-BC21 -> 219
... A23: Valtteri Bottas | B23: ='Drivers'' Standings'!C23 -> 0 | C23: =B23+'Drivers'' Standings'!D23 -> 0 | D23: =C23+'Drivers'' Standings'!E23 -> 0 | E23: =D23+'Drivers'' Standings'!F23 -> 0 | F23: =E23+'Drivers'' Standings'!G23 -> 0 | G23: =F23+'Drivers'' Standings'!H23 -> 0 | H23: =G23+'Drivers'' Standings'!I23 -> 0 | I23: =H23+'Drivers'' Standings'!J23 -> 0 | J23: =I23+'Drivers'' Standings'!K23 -> 0 | ... Y23: =X23+'Drivers'' Standings'!Z23 -> 0 | BB23: =A23 -> Valtteri Bottas | BC23: =Y23 -> 0 | BD23: =MAX($BC$2:$BC$23)-BC23 -> 219

Sheet Points Refrence
A1: Poisition | B1: Points | D1: Position | E1: Points
A2: 1 | B2: 25 | D2: 1 | E2: 8
A3: 2 | B3: 18 | D3: 2 | E3: 7
A4: 3 | B4: 15 | D4: 3 | E4: 6
A5: 4 | B5: 12 | D5: 4 | E5: 5
A6: 5 | B6: 10 | D6: 5 | E6: 4
A7: 6 | B7: 8 | D7: 6 | E7: 3
A8: 7 | B8: 6 | D8: 7 | E8: 2
A9: 8 | B9: 4 | D9: 8 | E9: 1
A10: 9 | B10: 2 | D10: 9+ | E10: 0
A11: 10 | B11: 1 | D11: Sprint Race
A12: 11+ | B12: 0
A13: Sunday Race
